This is pdfTeX, Version 3.141592653-2.6-1.40.26 (MiKTeX 24.4) (preloaded format=pdflatex 2025.1.16)  21 JAN 2025 14:52
entering extended mode
 \write18 enabled.
 file:line:error style messages enabled.
 %&-line parsing enabled.
**"c:/Users/jaafa/OneDrive - MSU-Iligan Institute of Technology/MSci Documents/LaTeX programs/Manuscript_Omar/Manuscript.tex"
(c:/Users/jaafa/OneDrive - MSU-Iligan Institute of Technology/MSci Documents/LaTeX programs/Manuscript_Omar/Manuscript.tex
LaTeX2e <2024-11-01> patch level 1
L3 programming layer <2024-12-25>
(C:\Users\jaafa\AppData\Local\Programs\MiKTeX\tex/latex/base\report.cls
Document Class: report 2024/06/29 v1.4n Standard LaTeX document class
(C:\Users\jaafa\AppData\Local\Programs\MiKTeX\tex/latex/base\size12.clo
File: size12.clo 2024/06/29 v1.4n Standard LaTeX file (size option)
)
\c@part=\count196
\c@chapter=\count197
\c@section=\count198
\c@subsection=\count199
\c@subsubsection=\count266
\c@paragraph=\count267
\c@subparagraph=\count268
\c@figure=\count269
\c@table=\count270
\abovecaptionskip=\skip49
\belowcaptionskip=\skip50
\bibindent=\dimen141
) (C:\Users\jaafa\AppData\Local\Programs\MiKTeX\tex/latex/tools\indentfirst.sty
Package: indentfirst 2023/07/02 v1.03 Indent first paragraph (DPC)
) (C:\Users\jaafa\AppData\Local\Programs\MiKTeX\tex/latex/pdflscape\pdflscape.sty
Package: pdflscape 2022-10-27 v0.13 Display of landscape pages in PDF
 (C:\Users\jaafa\AppData\Local\Programs\MiKTeX\tex/latex/pdflscape\pdflscape-nometadata.sty
Package: pdflscape-nometadata 2022-10-28 v0.13 Display of landscape pages in PDF (HO)
 (C:\Users\jaafa\AppData\Local\Programs\MiKTeX\tex/generic/iftex\iftex.sty
Package: iftex 2024/12/12 v1.0g TeX engine tests
) (C:\Users\jaafa\AppData\Local\Programs\MiKTeX\tex/latex/graphics\lscape.sty
Package: lscape 2020/05/28 v3.02 Landscape Pages (DPC)
 (C:\Users\jaafa\AppData\Local\Programs\MiKTeX\tex/latex/graphics\graphics.sty
Package: graphics 2024/08/06 v1.4g Standard LaTeX Graphics (DPC,SPQR)
 (C:\Users\jaafa\AppData\Local\Programs\MiKTeX\tex/latex/graphics\trig.sty
Package: trig 2023/12/02 v1.11 sin cos tan (DPC)
) (C:\Users\jaafa\AppData\Local\Programs\MiKTeX\tex/latex/graphics-cfg\graphics.cfg
File: graphics.cfg 2016/06/04 v1.11 sample graphics configuration
)
Package graphics Info: Driver file: pdftex.def on input line 106.
 (C:\Users\jaafa\AppData\Local\Programs\MiKTeX\tex/latex/graphics-def\pdftex.def
File: pdftex.def 2024/04/13 v1.2c Graphics/color driver for pdftex
)))
Package pdflscape Info: Auto-detected driver: pdftex on input line 81.
)) (C:\Users\jaafa\AppData\Local\Programs\MiKTeX\tex/latex/subfigure\subfigure.sty
Package: subfigure 2002/07/30 v2.1.4 subfigure package
\subfigtopskip=\skip51
\subfigcapskip=\skip52
\subfigcaptopadj=\dimen142
\subfigbottomskip=\skip53
\subfigcapmargin=\dimen143
\subfiglabelskip=\skip54
\c@subfigure=\count271
\c@lofdepth=\count272
\c@subtable=\count273
\c@lotdepth=\count274

****************************************
* Local config file subfigure.cfg used *
****************************************
(C:\Users\jaafa\AppData\Local\Programs\MiKTeX\tex/latex/subfigure\subfigure.cfg)
\subfig@top=\skip55
\subfig@bottom=\skip56
) (C:\Users\jaafa\AppData\Local\Programs\MiKTeX\tex/latex/graphics\rotating.sty
Package: rotating 2016/08/11 v2.16d rotated objects in LaTeX
 (C:\Users\jaafa\AppData\Local\Programs\MiKTeX\tex/latex/graphics\graphicx.sty
Package: graphicx 2021/09/16 v1.2d Enhanced LaTeX Graphics (DPC,SPQR)
 (C:\Users\jaafa\AppData\Local\Programs\MiKTeX\tex/latex/graphics\keyval.sty
Package: keyval 2022/05/29 v1.15 key=value parser (DPC)
\KV@toks@=\toks17
)
\Gin@req@height=\dimen144
\Gin@req@width=\dimen145
) (C:\Users\jaafa\AppData\Local\Programs\MiKTeX\tex/latex/base\ifthen.sty
Package: ifthen 2024/03/16 v1.1e Standard LaTeX ifthen package (DPC)
)
\c@r@tfl@t=\count275
\rotFPtop=\skip57
\rotFPbot=\skip58
\rot@float@box=\box52
\rot@mess@toks=\toks18
) (C:\Users\jaafa\AppData\Local\Programs\MiKTeX\tex/latex/wrapfig\wrapfig.sty
\wrapoverhang=\dimen146
\WF@size=\dimen147
\c@WF@wrappedlines=\count276
\WF@box=\box53
\WF@everypar=\toks19
Package: wrapfig 2003/01/31  v 3.6
) (C:\Users\jaafa\AppData\Local\Programs\MiKTeX\tex/latex/booktabs\booktabs.sty
Package: booktabs 2020/01/12 v1.61803398 Publication quality tables
\heavyrulewidth=\dimen148
\lightrulewidth=\dimen149
\cmidrulewidth=\dimen150
\belowrulesep=\dimen151
\belowbottomsep=\dimen152
\aboverulesep=\dimen153
\abovetopsep=\dimen154
\cmidrulesep=\dimen155
\cmidrulekern=\dimen156
\defaultaddspace=\dimen157
\@cmidla=\count277
\@cmidlb=\count278
\@aboverulesep=\dimen158
\@belowrulesep=\dimen159
\@thisruleclass=\count279
\@lastruleclass=\count280
\@thisrulewidth=\dimen160
) (C:\Users\jaafa\AppData\Local\Programs\MiKTeX\tex/latex/tools\tabularx.sty
Package: tabularx 2023/12/11 v2.12a `tabularx' package (DPC)
 (C:\Users\jaafa\AppData\Local\Programs\MiKTeX\tex/latex/tools\array.sty
Package: array 2024/10/17 v2.6g Tabular extension package (FMi)
\col@sep=\dimen161
\ar@mcellbox=\box54
\extrarowheight=\dimen162
\NC@list=\toks20
\extratabsurround=\skip59
\backup@length=\skip60
\ar@cellbox=\box55
)
\TX@col@width=\dimen163
\TX@old@table=\dimen164
\TX@old@col=\dimen165
\TX@target=\dimen166
\TX@delta=\dimen167
\TX@cols=\count281
\TX@ftn=\toks21
) (C:\Users\jaafa\AppData\Local\Programs\MiKTeX\tex/latex/psnfss\mathptmx.sty
Package: mathptmx 2020/03/25 PSNFSS-v9.3 Times w/ Math, improved (SPQR, WaS) 
LaTeX Font Info:    Redeclaring symbol font `operators' on input line 28.
LaTeX Font Info:    Overwriting symbol font `operators' in version `normal'
(Font)                  OT1/cmr/m/n --> OT1/ztmcm/m/n on input line 28.
LaTeX Font Info:    Overwriting symbol font `operators' in version `bold'
(Font)                  OT1/cmr/bx/n --> OT1/ztmcm/m/n on input line 28.
LaTeX Font Info:    Redeclaring symbol font `letters' on input line 29.
LaTeX Font Info:    Overwriting symbol font `letters' in version `normal'
(Font)                  OML/cmm/m/it --> OML/ztmcm/m/it on input line 29.
LaTeX Font Info:    Overwriting symbol font `letters' in version `bold'
(Font)                  OML/cmm/b/it --> OML/ztmcm/m/it on input line 29.
LaTeX Font Info:    Redeclaring symbol font `symbols' on input line 30.
LaTeX Font Info:    Overwriting symbol font `symbols' in version `normal'
(Font)                  OMS/cmsy/m/n --> OMS/ztmcm/m/n on input line 30.
LaTeX Font Info:    Overwriting symbol font `symbols' in version `bold'
(Font)                  OMS/cmsy/b/n --> OMS/ztmcm/m/n on input line 30.
LaTeX Font Info:    Redeclaring symbol font `largesymbols' on input line 31.
LaTeX Font Info:    Overwriting symbol font `largesymbols' in version `normal'
(Font)                  OMX/cmex/m/n --> OMX/ztmcm/m/n on input line 31.
LaTeX Font Info:    Overwriting symbol font `largesymbols' in version `bold'
(Font)                  OMX/cmex/m/n --> OMX/ztmcm/m/n on input line 31.
\symbold=\mathgroup4
\symitalic=\mathgroup5
LaTeX Font Info:    Redeclaring math alphabet \mathbf on input line 34.
LaTeX Font Info:    Overwriting math alphabet `\mathbf' in version `normal'
(Font)                  OT1/cmr/bx/n --> OT1/ptm/bx/n on input line 34.
LaTeX Font Info:    Overwriting math alphabet `\mathbf' in version `bold'
(Font)                  OT1/cmr/bx/n --> OT1/ptm/bx/n on input line 34.
LaTeX Font Info:    Redeclaring math alphabet \mathit on input line 35.
LaTeX Font Info:    Overwriting math alphabet `\mathit' in version `normal'
(Font)                  OT1/cmr/m/it --> OT1/ptm/m/it on input line 35.
LaTeX Font Info:    Overwriting math alphabet `\mathit' in version `bold'
(Font)                  OT1/cmr/bx/it --> OT1/ptm/m/it on input line 35.
LaTeX Info: Redefining \hbar on input line 50.
) (C:\Users\jaafa\AppData\Local\Programs\MiKTeX\tex/latex/amsmath\amsmath.sty
Package: amsmath 2024/11/05 v2.17t AMS math features
\@mathmargin=\skip61

For additional information on amsmath, use the `?' option.
(C:\Users\jaafa\AppData\Local\Programs\MiKTeX\tex/latex/amsmath\amstext.sty
Package: amstext 2021/08/26 v2.01 AMS text
 (C:\Users\jaafa\AppData\Local\Programs\MiKTeX\tex/latex/amsmath\amsgen.sty
File: amsgen.sty 1999/11/30 v2.0 generic functions
\@emptytoks=\toks22
\ex@=\dimen168
)) (C:\Users\jaafa\AppData\Local\Programs\MiKTeX\tex/latex/amsmath\amsbsy.sty
Package: amsbsy 1999/11/29 v1.2d Bold Symbols
\pmbraise@=\dimen169
) (C:\Users\jaafa\AppData\Local\Programs\MiKTeX\tex/latex/amsmath\amsopn.sty
Package: amsopn 2022/04/08 v2.04 operator names
)
\inf@bad=\count282
LaTeX Info: Redefining \frac on input line 233.
\uproot@=\count283
\leftroot@=\count284
LaTeX Info: Redefining \overline on input line 398.
LaTeX Info: Redefining \colon on input line 409.
\classnum@=\count285
\DOTSCASE@=\count286
LaTeX Info: Redefining \ldots on input line 495.
LaTeX Info: Redefining \dots on input line 498.
LaTeX Info: Redefining \cdots on input line 619.
\Mathstrutbox@=\box56
\strutbox@=\box57
LaTeX Info: Redefining \big on input line 721.
LaTeX Info: Redefining \Big on input line 722.
LaTeX Info: Redefining \bigg on input line 723.
LaTeX Info: Redefining \Bigg on input line 724.
\big@size=\dimen170
LaTeX Font Info:    Redeclaring font encoding OML on input line 742.
LaTeX Font Info:    Redeclaring font encoding OMS on input line 743.
\macc@depth=\count287
LaTeX Info: Redefining \bmod on input line 904.
LaTeX Info: Redefining \pmod on input line 909.
LaTeX Info: Redefining \smash on input line 939.
LaTeX Info: Redefining \relbar on input line 969.
LaTeX Info: Redefining \Relbar on input line 970.
\c@MaxMatrixCols=\count288
\dotsspace@=\muskip17
\c@parentequation=\count289
\dspbrk@lvl=\count290
\tag@help=\toks23
\row@=\count291
\column@=\count292
\maxfields@=\count293
\andhelp@=\toks24
\eqnshift@=\dimen171
\alignsep@=\dimen172
\tagshift@=\dimen173
\tagwidth@=\dimen174
\totwidth@=\dimen175
\lineht@=\dimen176
\@envbody=\toks25
\multlinegap=\skip62
\multlinetaggap=\skip63
\mathdisplay@stack=\toks26
LaTeX Info: Redefining \[ on input line 2953.
LaTeX Info: Redefining \] on input line 2954.
) (C:\Users\jaafa\AppData\Local\Programs\MiKTeX\tex/latex/amsfonts\amssymb.sty
Package: amssymb 2013/01/14 v3.01 AMS font symbols
 (C:\Users\jaafa\AppData\Local\Programs\MiKTeX\tex/latex/amsfonts\amsfonts.sty
Package: amsfonts 2013/01/14 v3.01 Basic AMSFonts support
\symAMSa=\mathgroup6
\symAMSb=\mathgroup7
LaTeX Font Info:    Overwriting math alphabet `\mathfrak' in version `bold'
(Font)                  U/euf/m/n --> U/euf/b/n on input line 106.
)) (C:\Users\jaafa\AppData\Local\Programs\MiKTeX\tex/latex/algorithms\algorithm.sty
Package: algorithm 2009/08/24 v0.1 Document Style `algorithm' - floating environment
 (C:\Users\jaafa\AppData\Local\Programs\MiKTeX\tex/latex/float\float.sty
Package: float 2001/11/08 v1.3d Float enhancements (AL)
\c@float@type=\count294
\float@exts=\toks27
\float@box=\box58
\@float@everytoks=\toks28
\@floatcapt=\box59
)
\@float@every@algorithm=\toks29
\c@algorithm=\count295
) (C:\Users\jaafa\AppData\Local\Programs\MiKTeX\tex/latex/algorithms\algorithmic.sty
Package: algorithmic 2009/08/24 v0.1 Document Style `algorithmic'
\c@ALC@unique=\count296
\c@ALC@line=\count297
\c@ALC@rem=\count298
\c@ALC@depth=\count299
\ALC@tlm=\skip64
\algorithmicindent=\skip65
) (C:\Users\jaafa\AppData\Local\Programs\MiKTeX\tex/latex/wasysym\wasysym.sty
Package: wasysym 2020/01/19 v2.4 Wasy-2 symbol support package
\symwasy=\mathgroup8
LaTeX Font Info:    Overwriting symbol font `wasy' in version `bold'
(Font)                  U/wasy/m/n --> U/wasy/b/n on input line 93.
) (C:\Users\jaafa\AppData\Local\Programs\MiKTeX\tex/latex/tools\bm.sty
Package: bm 2023/12/19 v1.2f Bold Symbol Support (DPC/FMi)
Package bm Info: No bold for \OT1/ztmcm/m/n, using \pmb.
Package bm Info: No bold for \OML/ztmcm/m/it, using \pmb.
Package bm Info: No bold for \OMS/ztmcm/m/n, using \pmb.
Package bm Info: No bold for \OMX/ztmcm/m/n, using \pmb.
Package bm Info: No bold for \OT1/ptm/bx/n, using \pmb.
Package bm Info: No bold for \OT1/ptm/m/it, using \pmb.
Package bm Info: No bold for \U/msa/m/n, using \pmb.
Package bm Info: No bold for \U/msb/m/n, using \pmb.
\symboldwasy=\mathgroup9
) (C:\Users\jaafa\AppData\Local\Programs\MiKTeX\tex/latex/cleveref\cleveref.sty
Package: cleveref 2018/03/27 v0.21.4 Intelligent cross-referencing
) (C:\Users\jaafa\AppData\Local\Programs\MiKTeX\tex/latex/xfrac\xfrac.sty
Package: xfrac 2024-06-04 Split-level fractions
\l__xfrac_slash_box=\box60
\l__xfrac_tmp_box=\box61
\l__xfrac_denominator_bot_sep_dim=\dimen177
\l__xfrac_numerator_bot_sep_dim=\dimen178
\l__xfrac_numerator_top_sep_dim=\dimen179
\l__xfrac_slash_left_sep_dim=\dimen180
\l__xfrac_slash_right_sep_dim=\dimen181
\l__xfrac_slash_left_muskip=\muskip18
\l__xfrac_slash_right_muskip=\muskip19

LaTeX template Info: Declaring template type 'xfrac' taking 3 argument(s) on
(template)           line 100.


LaTeX template Info: Declaring instance 'cmr' of type xfrac on line 392.


LaTeX template Info: Declaring instance 'cmss' of type xfrac on line 392.


LaTeX template Info: Declaring instance 'cmtt' of type xfrac on line 392.

) (C:\Users\jaafa\AppData\Local\Programs\MiKTeX\tex/latex/psnfss\palatino.sty
Package: palatino 2020/03/25 PSNFSS-v9.3 (SPQR) 
) (C:\Users\jaafa\AppData\Local\Programs\MiKTeX\tex/latex/url\url.sty
\Urlmuskip=\muskip20
Package: url 2013/09/16  ver 3.4  Verb mode for urls, etc.
) (C:\Users\jaafa\AppData\Local\Programs\MiKTeX\tex/latex/makecell\makecell.sty
Package: makecell 2009/08/03 V0.1e Managing of Tab Column Heads and Cells
\rotheadsize=\dimen182
\c@nlinenum=\count300
\TeXr@lab=\toks30
) (C:\Users\jaafa\AppData\Local\Programs\MiKTeX\tex/latex/minted\minted.sty
Package: minted 2024/11/17 v3.4.0 Yet another Pygments shim for LaTeX
 (C:\Users\jaafa\AppData\Local\Programs\MiKTeX\tex/generic/catchfile\catchfile.sty
Package: catchfile 2019/12/09 v1.8 Catch the contents of a file (HO)
 (C:\Users\jaafa\AppData\Local\Programs\MiKTeX\tex/generic/infwarerr\infwarerr.sty
Package: infwarerr 2019/12/03 v1.5 Providing info/warning/error messages (HO)
) (C:\Users\jaafa\AppData\Local\Programs\MiKTeX\tex/generic/ltxcmds\ltxcmds.sty
Package: ltxcmds 2023-12-04 v1.26 LaTeX kernel commands for general use (HO)
) (C:\Users\jaafa\AppData\Local\Programs\MiKTeX\tex/generic/etexcmds\etexcmds.sty
Package: etexcmds 2019/12/15 v1.7 Avoid name clashes with e-TeX commands (HO)
)) (C:\Users\jaafa\AppData\Local\Programs\MiKTeX\tex/latex/etoolbox\etoolbox.sty
Package: etoolbox 2020/10/05 v2.5k e-TeX tools for LaTeX (JAW)
\etb@tempcnta=\count301
) (C:\Users\jaafa\AppData\Local\Programs\MiKTeX\tex/latex/fvextra\fvextra.sty
Package: fvextra 2024/11/17 v1.10.0 fvextra - extensions and patches for fancyvrb
 (C:\Users\jaafa\AppData\Local\Programs\MiKTeX\tex/latex/fancyvrb\fancyvrb.sty
Package: fancyvrb 2024/01/20 4.5c verbatim text (tvz,hv)
\FV@CodeLineNo=\count302
\FV@InFile=\read2
\FV@TabBox=\box62
\c@FancyVerbLine=\count303
\FV@StepNumber=\count304
\FV@OutFile=\write3
) (C:\Users\jaafa\AppData\Local\Programs\MiKTeX\tex/latex/upquote\upquote.sty
Package: upquote 2012/04/19 v1.3 upright-quote and grave-accent glyphs in verbatim
 (C:\Users\jaafa\AppData\Local\Programs\MiKTeX\tex/latex/base\textcomp.sty
Package: textcomp 2024/04/24 v2.1b Standard LaTeX package
)) (C:\Users\jaafa\AppData\Local\Programs\MiKTeX\tex/latex/lineno\lineno.sty
Package: lineno 2023/05/20 line numbers on paragraphs v5.3
 (C:\Users\jaafa\AppData\Local\Programs\MiKTeX\tex/latex/kvoptions\kvoptions.sty
Package: kvoptions 2022-06-15 v3.15 Key value format for package options (HO)
 (C:\Users\jaafa\AppData\Local\Programs\MiKTeX\tex/latex/kvsetkeys\kvsetkeys.sty
Package: kvsetkeys 2022-10-05 v1.19 Key value parser (HO)
))
\linenopenalty=\count305
\output=\toks31
\linenoprevgraf=\count306
\linenumbersep=\dimen183
\linenumberwidth=\dimen184
\c@linenumber=\count307
\c@pagewiselinenumber=\count308
\c@LN@truepage=\count309
\c@internallinenumber=\count310
\c@internallinenumbers=\count311
\quotelinenumbersep=\dimen185
\bframerule=\dimen186
\bframesep=\dimen187
\bframebox=\box63
\linenoamsmath@ams@eqpen=\count312
LaTeX Info: Redefining \\ on input line 3180.
)
\c@FancyVerbWriteLine=\count313
\c@FancyVerbBufferLine=\count314
\c@FV@TrueTabGroupLevel=\count315
\c@FV@TrueTabCounter=\count316
\FV@TabBox@Group=\box64
\FV@TmpLength=\skip66
\c@FV@HighlightLinesStart=\count317
\c@FV@HighlightLinesStop=\count318
\FV@LoopCount=\count319
\FV@NCharsBox=\box65
\FV@BreakIndent=\dimen188
\FV@BreakIndentNChars=\count320
\FV@BreakSymbolSepLeft=\dimen189
\FV@BreakSymbolSepLeftNChars=\count321
\FV@BreakSymbolSepRight=\dimen190
\FV@BreakSymbolSepRightNChars=\count322
\FV@BreakSymbolIndentLeft=\dimen191
\FV@BreakSymbolIndentLeftNChars=\count323
\FV@BreakSymbolIndentRight=\dimen192
\FV@BreakSymbolIndentRightNChars=\count324
\c@FancyVerbLineBreakLast=\count325
\FV@LineBox=\box66
\FV@LineIndentBox=\box67
\c@FV@BreakBufferDepth=\count326
\FV@LineWidth=\dimen193
) (C:\Users\jaafa\AppData\Local\Programs\MiKTeX\tex/latex/latex2pydata\latex2pydata.sty
Package: latex2pydata 2024/11/17 v0.4.0 latex2pydata - write data to file in Python literal format
 (C:\Users\jaafa\AppData\Local\Programs\MiKTeX\tex/generic/pdftexcmds\pdftexcmds.sty
Package: pdftexcmds 2020-06-27 v0.33 Utility functions of pdfTeX for LuaTeX (HO)
Package pdftexcmds Info: \pdf@primitive is available.
Package pdftexcmds Info: \pdf@ifprimitive is available.
Package pdftexcmds Info: \pdfdraftmode found.
)) (C:\Users\jaafa\AppData\Local\Programs\MiKTeX\tex/latex/pgf/utilities\pgfkeys.sty (C:\Users\jaafa\AppData\Local\Programs\MiKTeX\tex/generic/pgf/utilities\pgfkeys.code.tex
\pgfkeys@pathtoks=\toks32
\pgfkeys@temptoks=\toks33
 (C:\Users\jaafa\AppData\Local\Programs\MiKTeX\tex/generic/pgf/utilities\pgfkeyslibraryfiltered.code.tex
\pgfkeys@tmptoks=\toks34
))) (C:\Users\jaafa\AppData\Local\Programs\MiKTeX\tex/latex/pgfopts\pgfopts.sty
Package: pgfopts 2014/07/10 v2.1a LaTeX package options with pgfkeys
\pgfopts@list@add@a@toks=\toks35
\pgfopts@list@add@b@toks=\toks36
) (C:\Users\jaafa\AppData\Local\Programs\MiKTeX\tex/latex/tools\shellesc.sty
Package: shellesc 2023/07/08 v1.0d unified shell escape interface for LaTeX
Package shellesc Info: Unrestricted shell escape enabled on input line 75.
)
\c@minted@FancyVerbLineTemp=\count327
\@float@every@listing=\toks37
\c@listing=\count328
) (C:\Users\jaafa\AppData\Local\Programs\MiKTeX\tex/latex/enumitem\enumitem.sty
Package: enumitem 2019/06/20 v3.9 Customized lists
\labelindent=\skip67
\enit@outerparindent=\dimen194
\enit@toks=\toks38
\enit@inbox=\box68
\enit@count@id=\count329
\enitdp@description=\count330
) (C:\Users\jaafa\AppData\Local\Programs\MiKTeX\tex/latex/multirow\multirow.sty
Package: multirow 2024/11/12 v2.9 Span multiple rows of a table
\multirow@colwidth=\skip68
\multirow@cntb=\count331
\multirow@dima=\skip69
\bigstrutjot=\dimen195
) (C:\Users\jaafa\AppData\Local\Programs\MiKTeX\tex/latex/pgf/frontendlayer\tikz.sty (C:\Users\jaafa\AppData\Local\Programs\MiKTeX\tex/latex/pgf/basiclayer\pgf.sty (C:\Users\jaafa\AppData\Local\Programs\MiKTeX\tex/latex/pgf/utilities\pgfrcs.sty (C:\Users\jaafa\AppData\Local\Programs\MiKTeX\tex/generic/pgf/utilities\pgfutil-common.tex
\pgfutil@everybye=\toks39
\pgfutil@tempdima=\dimen196
\pgfutil@tempdimb=\dimen197
) (C:\Users\jaafa\AppData\Local\Programs\MiKTeX\tex/generic/pgf/utilities\pgfutil-latex.def
\pgfutil@abb=\box69
) (C:\Users\jaafa\AppData\Local\Programs\MiKTeX\tex/generic/pgf/utilities\pgfrcs.code.tex (C:\Users\jaafa\AppData\Local\Programs\MiKTeX\tex/generic/pgf\pgf.revision.tex)
Package: pgfrcs 2023-01-15 v3.1.10 (3.1.10)
))
Package: pgf 2023-01-15 v3.1.10 (3.1.10)
 (C:\Users\jaafa\AppData\Local\Programs\MiKTeX\tex/latex/pgf/basiclayer\pgfcore.sty (C:\Users\jaafa\AppData\Local\Programs\MiKTeX\tex/latex/pgf/systemlayer\pgfsys.sty (C:\Users\jaafa\AppData\Local\Programs\MiKTeX\tex/generic/pgf/systemlayer\pgfsys.code.tex
Package: pgfsys 2023-01-15 v3.1.10 (3.1.10)
\pgf@x=\dimen198
\pgf@y=\dimen199
\pgf@xa=\dimen256
\pgf@ya=\dimen257
\pgf@xb=\dimen258
\pgf@yb=\dimen259
\pgf@xc=\dimen260
\pgf@yc=\dimen261
\pgf@xd=\dimen262
\pgf@yd=\dimen263
\w@pgf@writea=\write4
\r@pgf@reada=\read3
\c@pgf@counta=\count332
\c@pgf@countb=\count333
\c@pgf@countc=\count334
\c@pgf@countd=\count335
\t@pgf@toka=\toks40
\t@pgf@tokb=\toks41
\t@pgf@tokc=\toks42
\pgf@sys@id@count=\count336
 (C:\Users\jaafa\AppData\Local\Programs\MiKTeX\tex/generic/pgf/systemlayer\pgf.cfg
File: pgf.cfg 2023-01-15 v3.1.10 (3.1.10)
)
Driver file for pgf: pgfsys-pdftex.def
 (C:\Users\jaafa\AppData\Local\Programs\MiKTeX\tex/generic/pgf/systemlayer\pgfsys-pdftex.def
File: pgfsys-pdftex.def 2023-01-15 v3.1.10 (3.1.10)
 (C:\Users\jaafa\AppData\Local\Programs\MiKTeX\tex/generic/pgf/systemlayer\pgfsys-common-pdf.def
File: pgfsys-common-pdf.def 2023-01-15 v3.1.10 (3.1.10)
))) (C:\Users\jaafa\AppData\Local\Programs\MiKTeX\tex/generic/pgf/systemlayer\pgfsyssoftpath.code.tex
File: pgfsyssoftpath.code.tex 2023-01-15 v3.1.10 (3.1.10)
\pgfsyssoftpath@smallbuffer@items=\count337
\pgfsyssoftpath@bigbuffer@items=\count338
) (C:\Users\jaafa\AppData\Local\Programs\MiKTeX\tex/generic/pgf/systemlayer\pgfsysprotocol.code.tex
File: pgfsysprotocol.code.tex 2023-01-15 v3.1.10 (3.1.10)
)) (C:\Users\jaafa\AppData\Local\Programs\MiKTeX\tex/latex/xcolor\xcolor.sty
Package: xcolor 2024/09/29 v3.02 LaTeX color extensions (UK)
 (C:\Users\jaafa\AppData\Local\Programs\MiKTeX\tex/latex/graphics-cfg\color.cfg
File: color.cfg 2016/01/02 v1.6 sample color configuration
)
Package xcolor Info: Driver file: pdftex.def on input line 274.
 (C:\Users\jaafa\AppData\Local\Programs\MiKTeX\tex/latex/graphics\mathcolor.ltx)
Package xcolor Info: Model `cmy' substituted by `cmy0' on input line 1349.
Package xcolor Info: Model `hsb' substituted by `rgb' on input line 1353.
Package xcolor Info: Model `RGB' extended on input line 1365.
Package xcolor Info: Model `HTML' substituted by `rgb' on input line 1367.
Package xcolor Info: Model `Hsb' substituted by `hsb' on input line 1368.
Package xcolor Info: Model `tHsb' substituted by `hsb' on input line 1369.
Package xcolor Info: Model `HSB' substituted by `hsb' on input line 1370.
Package xcolor Info: Model `Gray' substituted by `gray' on input line 1371.
Package xcolor Info: Model `wave' substituted by `hsb' on input line 1372.
) (C:\Users\jaafa\AppData\Local\Programs\MiKTeX\tex/generic/pgf/basiclayer\pgfcore.code.tex
Package: pgfcore 2023-01-15 v3.1.10 (3.1.10)
 (C:\Users\jaafa\AppData\Local\Programs\MiKTeX\tex/generic/pgf/math\pgfmath.code.tex (C:\Users\jaafa\AppData\Local\Programs\MiKTeX\tex/generic/pgf/math\pgfmathutil.code.tex) (C:\Users\jaafa\AppData\Local\Programs\MiKTeX\tex/generic/pgf/math\pgfmathparser.code.tex
\pgfmath@dimen=\dimen264
\pgfmath@count=\count339
\pgfmath@box=\box70
\pgfmath@toks=\toks43
\pgfmath@stack@operand=\toks44
\pgfmath@stack@operation=\toks45
) (C:\Users\jaafa\AppData\Local\Programs\MiKTeX\tex/generic/pgf/math\pgfmathfunctions.code.tex) (C:\Users\jaafa\AppData\Local\Programs\MiKTeX\tex/generic/pgf/math\pgfmathfunctions.basic.code.tex) (C:\Users\jaafa\AppData\Local\Programs\MiKTeX\tex/generic/pgf/math\pgfmathfunctions.trigonometric.code.tex) (C:\Users\jaafa\AppData\Local\Programs\MiKTeX\tex/generic/pgf/math\pgfmathfunctions.random.code.tex) (C:\Users\jaafa\AppData\Local\Programs\MiKTeX\tex/generic/pgf/math\pgfmathfunctions.comparison.code.tex) (C:\Users\jaafa\AppData\Local\Programs\MiKTeX\tex/generic/pgf/math\pgfmathfunctions.base.code.tex) (C:\Users\jaafa\AppData\Local\Programs\MiKTeX\tex/generic/pgf/math\pgfmathfunctions.round.code.tex) (C:\Users\jaafa\AppData\Local\Programs\MiKTeX\tex/generic/pgf/math\pgfmathfunctions.misc.code.tex) (C:\Users\jaafa\AppData\Local\Programs\MiKTeX\tex/generic/pgf/math\pgfmathfunctions.integerarithmetics.code.tex) (C:\Users\jaafa\AppData\Local\Programs\MiKTeX\tex/generic/pgf/math\pgfmathcalc.code.tex) (C:\Users\jaafa\AppData\Local\Programs\MiKTeX\tex/generic/pgf/math\pgfmathfloat.code.tex
\c@pgfmathroundto@lastzeros=\count340
)) (C:\Users\jaafa\AppData\Local\Programs\MiKTeX\tex/generic/pgf/math\pgfint.code.tex) (C:\Users\jaafa\AppData\Local\Programs\MiKTeX\tex/generic/pgf/basiclayer\pgfcorepoints.code.tex
File: pgfcorepoints.code.tex 2023-01-15 v3.1.10 (3.1.10)
\pgf@picminx=\dimen265
\pgf@picmaxx=\dimen266
\pgf@picminy=\dimen267
\pgf@picmaxy=\dimen268
\pgf@pathminx=\dimen269
\pgf@pathmaxx=\dimen270
\pgf@pathminy=\dimen271
\pgf@pathmaxy=\dimen272
\pgf@xx=\dimen273
\pgf@xy=\dimen274
\pgf@yx=\dimen275
\pgf@yy=\dimen276
\pgf@zx=\dimen277
\pgf@zy=\dimen278
) (C:\Users\jaafa\AppData\Local\Programs\MiKTeX\tex/generic/pgf/basiclayer\pgfcorepathconstruct.code.tex
File: pgfcorepathconstruct.code.tex 2023-01-15 v3.1.10 (3.1.10)
\pgf@path@lastx=\dimen279
\pgf@path@lasty=\dimen280
) (C:\Users\jaafa\AppData\Local\Programs\MiKTeX\tex/generic/pgf/basiclayer\pgfcorepathusage.code.tex
File: pgfcorepathusage.code.tex 2023-01-15 v3.1.10 (3.1.10)
\pgf@shorten@end@additional=\dimen281
\pgf@shorten@start@additional=\dimen282
) (C:\Users\jaafa\AppData\Local\Programs\MiKTeX\tex/generic/pgf/basiclayer\pgfcorescopes.code.tex
File: pgfcorescopes.code.tex 2023-01-15 v3.1.10 (3.1.10)
\pgfpic=\box71
\pgf@hbox=\box72
\pgf@layerbox@main=\box73
\pgf@picture@serial@count=\count341
) (C:\Users\jaafa\AppData\Local\Programs\MiKTeX\tex/generic/pgf/basiclayer\pgfcoregraphicstate.code.tex
File: pgfcoregraphicstate.code.tex 2023-01-15 v3.1.10 (3.1.10)
\pgflinewidth=\dimen283
) (C:\Users\jaafa\AppData\Local\Programs\MiKTeX\tex/generic/pgf/basiclayer\pgfcoretransformations.code.tex
File: pgfcoretransformations.code.tex 2023-01-15 v3.1.10 (3.1.10)
\pgf@pt@x=\dimen284
\pgf@pt@y=\dimen285
\pgf@pt@temp=\dimen286
) (C:\Users\jaafa\AppData\Local\Programs\MiKTeX\tex/generic/pgf/basiclayer\pgfcorequick.code.tex
File: pgfcorequick.code.tex 2023-01-15 v3.1.10 (3.1.10)
) (C:\Users\jaafa\AppData\Local\Programs\MiKTeX\tex/generic/pgf/basiclayer\pgfcoreobjects.code.tex
File: pgfcoreobjects.code.tex 2023-01-15 v3.1.10 (3.1.10)
) (C:\Users\jaafa\AppData\Local\Programs\MiKTeX\tex/generic/pgf/basiclayer\pgfcorepathprocessing.code.tex
File: pgfcorepathprocessing.code.tex 2023-01-15 v3.1.10 (3.1.10)
) (C:\Users\jaafa\AppData\Local\Programs\MiKTeX\tex/generic/pgf/basiclayer\pgfcorearrows.code.tex
File: pgfcorearrows.code.tex 2023-01-15 v3.1.10 (3.1.10)
\pgfarrowsep=\dimen287
) (C:\Users\jaafa\AppData\Local\Programs\MiKTeX\tex/generic/pgf/basiclayer\pgfcoreshade.code.tex
File: pgfcoreshade.code.tex 2023-01-15 v3.1.10 (3.1.10)
\pgf@max=\dimen288
\pgf@sys@shading@range@num=\count342
\pgf@shadingcount=\count343
) (C:\Users\jaafa\AppData\Local\Programs\MiKTeX\tex/generic/pgf/basiclayer\pgfcoreimage.code.tex
File: pgfcoreimage.code.tex 2023-01-15 v3.1.10 (3.1.10)
) (C:\Users\jaafa\AppData\Local\Programs\MiKTeX\tex/generic/pgf/basiclayer\pgfcoreexternal.code.tex
File: pgfcoreexternal.code.tex 2023-01-15 v3.1.10 (3.1.10)
\pgfexternal@startupbox=\box74
) (C:\Users\jaafa\AppData\Local\Programs\MiKTeX\tex/generic/pgf/basiclayer\pgfcorelayers.code.tex
File: pgfcorelayers.code.tex 2023-01-15 v3.1.10 (3.1.10)
) (C:\Users\jaafa\AppData\Local\Programs\MiKTeX\tex/generic/pgf/basiclayer\pgfcoretransparency.code.tex
File: pgfcoretransparency.code.tex 2023-01-15 v3.1.10 (3.1.10)
) (C:\Users\jaafa\AppData\Local\Programs\MiKTeX\tex/generic/pgf/basiclayer\pgfcorepatterns.code.tex
File: pgfcorepatterns.code.tex 2023-01-15 v3.1.10 (3.1.10)
) (C:\Users\jaafa\AppData\Local\Programs\MiKTeX\tex/generic/pgf/basiclayer\pgfcorerdf.code.tex
File: pgfcorerdf.code.tex 2023-01-15 v3.1.10 (3.1.10)
))) (C:\Users\jaafa\AppData\Local\Programs\MiKTeX\tex/generic/pgf/modules\pgfmoduleshapes.code.tex
File: pgfmoduleshapes.code.tex 2023-01-15 v3.1.10 (3.1.10)
\pgfnodeparttextbox=\box75
) (C:\Users\jaafa\AppData\Local\Programs\MiKTeX\tex/generic/pgf/modules\pgfmoduleplot.code.tex
File: pgfmoduleplot.code.tex 2023-01-15 v3.1.10 (3.1.10)
) (C:\Users\jaafa\AppData\Local\Programs\MiKTeX\tex/latex/pgf/compatibility\pgfcomp-version-0-65.sty
Package: pgfcomp-version-0-65 2023-01-15 v3.1.10 (3.1.10)
\pgf@nodesepstart=\dimen289
\pgf@nodesepend=\dimen290
) (C:\Users\jaafa\AppData\Local\Programs\MiKTeX\tex/latex/pgf/compatibility\pgfcomp-version-1-18.sty
Package: pgfcomp-version-1-18 2023-01-15 v3.1.10 (3.1.10)
)) (C:\Users\jaafa\AppData\Local\Programs\MiKTeX\tex/latex/pgf/utilities\pgffor.sty (C:\Users\jaafa\AppData\Local\Programs\MiKTeX\tex/latex/pgf/math\pgfmath.sty (C:\Users\jaafa\AppData\Local\Programs\MiKTeX\tex/generic/pgf/math\pgfmath.code.tex)) (C:\Users\jaafa\AppData\Local\Programs\MiKTeX\tex/generic/pgf/utilities\pgffor.code.tex
Package: pgffor 2023-01-15 v3.1.10 (3.1.10)
\pgffor@iter=\dimen291
\pgffor@skip=\dimen292
\pgffor@stack=\toks46
\pgffor@toks=\toks47
)) (C:\Users\jaafa\AppData\Local\Programs\MiKTeX\tex/generic/pgf/frontendlayer/tikz\tikz.code.tex
Package: tikz 2023-01-15 v3.1.10 (3.1.10)
 (C:\Users\jaafa\AppData\Local\Programs\MiKTeX\tex/generic/pgf/libraries\pgflibraryplothandlers.code.tex
File: pgflibraryplothandlers.code.tex 2023-01-15 v3.1.10 (3.1.10)
\pgf@plot@mark@count=\count344
\pgfplotmarksize=\dimen293
)
\tikz@lastx=\dimen294
\tikz@lasty=\dimen295
\tikz@lastxsaved=\dimen296
\tikz@lastysaved=\dimen297
\tikz@lastmovetox=\dimen298
\tikz@lastmovetoy=\dimen299
\tikzleveldistance=\dimen300
\tikzsiblingdistance=\dimen301
\tikz@figbox=\box76
\tikz@figbox@bg=\box77
\tikz@tempbox=\box78
\tikz@tempbox@bg=\box79
\tikztreelevel=\count345
\tikznumberofchildren=\count346
\tikznumberofcurrentchild=\count347
\tikz@fig@count=\count348
 (C:\Users\jaafa\AppData\Local\Programs\MiKTeX\tex/generic/pgf/modules\pgfmodulematrix.code.tex
File: pgfmodulematrix.code.tex 2023-01-15 v3.1.10 (3.1.10)
\pgfmatrixcurrentrow=\count349
\pgfmatrixcurrentcolumn=\count350
\pgf@matrix@numberofcolumns=\count351
)
\tikz@expandcount=\count352
 (C:\Users\jaafa\AppData\Local\Programs\MiKTeX\tex/generic/pgf/frontendlayer/tikz/libraries\tikzlibrarytopaths.code.tex
File: tikzlibrarytopaths.code.tex 2023-01-15 v3.1.10 (3.1.10)
))) (C:\Users\jaafa\AppData\Local\Programs\MiKTeX\tex/generic/pgf/frontendlayer/tikz/libraries\tikzlibrarycalc.code.tex
File: tikzlibrarycalc.code.tex 2023-01-15 v3.1.10 (3.1.10)
) (C:\Users\jaafa\AppData\Local\Programs\MiKTeX\tex/generic/pgf/frontendlayer/tikz/libraries\tikzlibrarydecorations.pathmorphing.code.tex (C:\Users\jaafa\AppData\Local\Programs\MiKTeX\tex/generic/pgf/frontendlayer/tikz/libraries\tikzlibrarydecorations.code.tex (C:\Users\jaafa\AppData\Local\Programs\MiKTeX\tex/generic/pgf/modules\pgfmoduledecorations.code.tex
\pgfdecoratedcompleteddistance=\dimen302
\pgfdecoratedremainingdistance=\dimen303
\pgfdecoratedinputsegmentcompleteddistance=\dimen304
\pgfdecoratedinputsegmentremainingdistance=\dimen305
\pgf@decorate@distancetomove=\dimen306
\pgf@decorate@repeatstate=\count353
\pgfdecorationsegmentamplitude=\dimen307
\pgfdecorationsegmentlength=\dimen308
)
\tikz@lib@dec@box=\box80
) (C:\Users\jaafa\AppData\Local\Programs\MiKTeX\tex/generic/pgf/libraries/decorations\pgflibrarydecorations.pathmorphing.code.tex)) (C:\Users\jaafa\AppData\Local\Programs\MiKTeX\tex/latex/changepage\changepage.sty
Package: changepage 2009/10/20 v1.0c check page and change page layout
\c@cp@cntr=\count354
\cp@tempcnt=\count355
) (C:\Users\jaafa\AppData\Local\Programs\MiKTeX\tex/latex/appendix\appendix.sty
Package: appendix 2020/02/08 v1.2c extra appendix facilities
\c@@pps=\count356
\c@@ppsavesec=\count357
\c@@ppsaveapp=\count358
) (C:\Users\jaafa\AppData\Local\Programs\MiKTeX\tex/latex/threeparttable\threeparttable.sty
Package: threeparttable 2003/06/13  v 3.0
\@tempboxb=\box81
) (C:\Users\jaafa\AppData\Local\Programs\MiKTeX\tex/latex/tools\longtable.sty
Package: longtable 2024-10-27 v4.22 Multi-page Table package (DPC)
\LTleft=\skip70
\LTright=\skip71
\LTpre=\skip72
\LTpost=\skip73
\LTchunksize=\count359
\LTcapwidth=\dimen309
\LT@head=\box82
\LT@firsthead=\box83
\LT@foot=\box84
\LT@lastfoot=\box85
\LT@gbox=\box86
\LT@cols=\count360
\LT@rows=\count361
\c@LT@tables=\count362
\c@LT@chunks=\count363
\LT@p@ftn=\toks48
) (C:\Users\jaafa\AppData\Local\Programs\MiKTeX\tex/latex/geometry\geometry.sty
Package: geometry 2020/01/02 v5.9 Page Geometry

(C:\Users\jaafa\AppData\Local\Programs\MiKTeX\tex/generic/iftex\ifvtex.sty
Package: ifvtex 2019/10/25 v1.7 ifvtex legacy package. Use iftex instead.
)
\Gm@cnth=\count364
\Gm@cntv=\count365
\c@Gm@tempcnt=\count366
\Gm@bindingoffset=\dimen310
\Gm@wd@mp=\dimen311
\Gm@odd@mp=\dimen312
\Gm@even@mp=\dimen313
\Gm@layoutwidth=\dimen314
\Gm@layoutheight=\dimen315
\Gm@layouthoffset=\dimen316
\Gm@layoutvoffset=\dimen317
\Gm@dimlist=\toks49
 (C:\Users\jaafa\AppData\Local\Programs\MiKTeX\tex/latex/geometry\geometry.cfg)) (C:\Users\jaafa\AppData\Local\Programs\MiKTeX\tex/latex/sectsty\sectsty.sty
Package: sectsty 2002/02/25 v2.0.2 Commands to change all sectional heading styles


LaTeX Warning: Command \underbar  has changed.
               Check if current package is valid.


LaTeX Warning: Command \underline  has changed.
               Check if current package is valid.

) (C:\Users\jaafa\AppData\Local\Programs\MiKTeX\tex/latex/siunitx\siunitx.sty
Package: siunitx 2024-12-06 v3.4.0 A comprehensive (SI) units package
\l__siunitx_number_uncert_offset_int=\count367
\l__siunitx_number_exponent_fixed_int=\count368
\l__siunitx_number_min_decimal_int=\count369
\l__siunitx_number_min_integer_int=\count370
\l__siunitx_number_round_precision_int=\count371
\l__siunitx_number_lower_threshold_int=\count372
\l__siunitx_number_upper_threshold_int=\count373
\l__siunitx_number_group_first_int=\count374
\l__siunitx_number_group_size_int=\count375
\l__siunitx_number_group_minimum_int=\count376
\l__siunitx_angle_tmp_dim=\dimen318
\l__siunitx_angle_marker_box=\box87
\l__siunitx_angle_unit_box=\box88
\l__siunitx_compound_count_int=\count377
 (C:\Users\jaafa\AppData\Local\Programs\MiKTeX\tex/latex/translations\translations.sty
Package: translations 2022/02/05 v1.12 internationalization of LaTeX2e packages (CN)
)
\l__siunitx_table_tmp_box=\box89
\l__siunitx_table_tmp_dim=\dimen319
\l__siunitx_table_column_width_dim=\dimen320
\l__siunitx_table_integer_box=\box90
\l__siunitx_table_decimal_box=\box91
\l__siunitx_table_uncert_box=\box92
\l__siunitx_table_before_box=\box93
\l__siunitx_table_after_box=\box94
\l__siunitx_table_before_dim=\dimen321
\l__siunitx_table_carry_dim=\dimen322
\l__siunitx_unit_tmp_int=\count378
\l__siunitx_unit_position_int=\count379
\l__siunitx_unit_total_int=\count380
) (C:\Users\jaafa\AppData\Local\Programs\MiKTeX\tex/latex/setspace\setspace.sty
Package: setspace 2022/12/04 v6.7b set line spacing
) (C:\Users\jaafa\AppData\Local\Programs\MiKTeX\tex/latex/natbib\natbib.sty
Package: natbib 2010/09/13 8.31b (PWD, AO)
\bibhang=\skip74
\bibsep=\skip75
LaTeX Info: Redefining \cite on input line 694.
\c@NAT@ctr=\count381
) (C:\Users\jaafa\AppData\Local\Programs\MiKTeX\tex/latex/graphics\dvipsnam.def
File: dvipsnam.def 2016/06/17 v3.0m Driver-dependent file (DPC,SPQR)
) (C:\Users\jaafa\AppData\Local\Programs\MiKTeX\tex/latex/caption\caption.sty
Package: caption 2023/08/05 v3.6o Customizing captions (AR)
 (C:\Users\jaafa\AppData\Local\Programs\MiKTeX\tex/latex/caption\caption3.sty
Package: caption3 2023/07/31 v2.4d caption3 kernel (AR)
\caption@tempdima=\dimen323
\captionmargin=\dimen324
\caption@leftmargin=\dimen325
\caption@rightmargin=\dimen326
\caption@width=\dimen327
\caption@indent=\dimen328
\caption@parindent=\dimen329
\caption@hangindent=\dimen330
Package caption Info: Standard document class detected.
)
\c@caption@flags=\count382
\c@continuedfloat=\count383
Package caption Info: changepage package is loaded.
\caption@adjustwidth@hsize=\dimen331
\caption@adjustwidth@linewidth=\dimen332
Package caption Info: float package is loaded.
Package caption Info: longtable package is loaded.
 (C:\Users\jaafa\AppData\Local\Programs\MiKTeX\tex/latex/caption\ltcaption.sty
Package: ltcaption 2021/01/08 v1.4c longtable captions (AR)
)
Package caption Info: rotating package is loaded.
Package caption Info: subfigure package is loaded.
Package caption Info: threeparttable package is loaded.
Package caption Info: wrapfig package is loaded.
) (C:\Users\jaafa\AppData\Local\Programs\MiKTeX\tex/latex/fancyhdr\fancyhdr.sty
Package: fancyhdr 2025/01/07 v5.1.1 Extensive control of page headers and footers
\f@nch@headwidth=\skip76
\f@nch@offset@elh=\skip77
\f@nch@offset@erh=\skip78
\f@nch@offset@olh=\skip79
\f@nch@offset@orh=\skip80
\f@nch@offset@elf=\skip81
\f@nch@offset@erf=\skip82
\f@nch@offset@olf=\skip83
\f@nch@offset@orf=\skip84
\f@nch@height=\skip85
\f@nch@footalignment=\skip86
\f@nch@widthL=\skip87
\f@nch@widthC=\skip88
\f@nch@widthR=\skip89
\@temptokenb=\toks50
)
Package translations Info: No language package found. I am going to use `english' as default language. on input line 109.
LaTeX Font Info:    Trying to load font information for OT1+ppl on input line 109.
 (C:\Users\jaafa\AppData\Local\Programs\MiKTeX\tex/latex/psnfss\ot1ppl.fd
File: ot1ppl.fd 2001/06/04 font definitions for OT1/ppl.
) (C:\Users\jaafa\AppData\Local\Programs\MiKTeX\tex/latex/l3backend\l3backend-pdftex.def
File: l3backend-pdftex.def 2024-05-08 L3 backend support: PDF output (pdfTeX)
\l__color_backend_stack_int=\count384
\l__pdf_internal_box=\box95
) (Manuscript.aux

LaTeX Warning: Label `ch2:tab:research-synthesis-matrix-contd.' multiply defined.


LaTeX Warning: Label `ch2:tab:research-synthesis-matrix-contd.@cref' multiply defined.


LaTeX Warning: Label `ch:Result and Discussion' multiply defined.


LaTeX Warning: Label `ch:Result and Discussion@cref' multiply defined.

)
\openout1 = `Manuscript.aux'.

LaTeX Font Info:    Checking defaults for OML/cmm/m/it on input line 109.
LaTeX Font Info:    ... okay on input line 109.
LaTeX Font Info:    Checking defaults for OMS/cmsy/m/n on input line 109.
LaTeX Font Info:    ... okay on input line 109.
LaTeX Font Info:    Checking defaults for OT1/cmr/m/n on input line 109.
LaTeX Font Info:    ... okay on input line 109.
LaTeX Font Info:    Checking defaults for T1/cmr/m/n on input line 109.
LaTeX Font Info:    ... okay on input line 109.
LaTeX Font Info:    Checking defaults for TS1/cmr/m/n on input line 109.
LaTeX Font Info:    ... okay on input line 109.
LaTeX Font Info:    Checking defaults for OMX/cmex/m/n on input line 109.
LaTeX Font Info:    ... okay on input line 109.
LaTeX Font Info:    Checking defaults for U/cmr/m/n on input line 109.
LaTeX Font Info:    ... okay on input line 109.
 (C:\Users\jaafa\AppData\Local\Programs\MiKTeX\tex/context/base/mkii\supp-pdf.mkii
[Loading MPS to PDF converter (version 2006.09.02).]
\scratchcounter=\count385
\scratchdimen=\dimen333
\scratchbox=\box96
\nofMPsegments=\count386
\nofMParguments=\count387
\everyMPshowfont=\toks51
\MPscratchCnt=\count388
\MPscratchDim=\dimen334
\MPnumerator=\count389
\makeMPintoPDFobject=\count390
\everyMPtoPDFconversion=\toks52
) (C:\Users\jaafa\AppData\Local\Programs\MiKTeX\tex/latex/epstopdf-pkg\epstopdf-base.sty
Package: epstopdf-base 2020-01-24 v2.11 Base part for package epstopdf
Package epstopdf-base Info: Redefining graphics rule for `.eps' on input line 485.
 (C:\Users\jaafa\AppData\Local\Programs\MiKTeX\tex/latex/00miktex\epstopdf-sys.cfg
File: epstopdf-sys.cfg 2021/03/18 v2.0 Configuration of epstopdf for MiKTeX
))
*geometry* driver: auto-detecting
*geometry* detected driver: pdftex
*geometry* verbose mode - [ preamble ] result:
* driver: pdftex
* paper: a4paper
* layout: <same size as paper>
* layoutoffset:(h,v)=(0.0pt,0.0pt)
* modes: 
* h-part:(L,W,R)=(108.40492pt, 398.76537pt, 90.33759pt)
* v-part:(T,H,B)=(130.08617pt, 624.6231pt, 90.33759pt)
* \paperwidth=597.50787pt
* \paperheight=845.04684pt
* \textwidth=398.76537pt
* \textheight=624.6231pt
* \oddsidemargin=36.13493pt
* \evensidemargin=36.13493pt
* \topmargin=20.81618pt
* \headheight=12.0pt
* \headsep=25.0pt
* \topskip=12.0pt
* \footskip=30.0pt
* \marginparwidth=35.0pt
* \marginparsep=10.0pt
* \columnsep=10.0pt
* \skip\footins=10.8pt plus 4.0pt minus 2.0pt
* \hoffset=0.0pt
* \voffset=0.0pt
* \mag=1000
* \@twocolumnfalse
* \@twosidefalse
* \@mparswitchfalse
* \@reversemarginfalse
* (1in=72.27pt=25.4mm, 1cm=28.453pt)

(C:\Users\jaafa\AppData\Local\Programs\MiKTeX\tex/latex/translations/dicts\translations-basic-dictionary-english.trsl
File: translations-basic-dictionary-english.trsl (english translation file `translations-basic-dictionary')
)
Package translations Info: loading dictionary `translations-basic-dictionary' for `english'. on input line 109.
Package caption Info: Begin \AtBeginDocument code.
Package caption Info: End \AtBeginDocument code.
 (Chapters/title-page.tex

[1

{C:/Users/jaafa/AppData/Local/MiKTeX/fonts/map/pdftex/pdftex.map}{C:/Users/jaafa/AppData/Local/Programs/MiKTeX/fonts/enc/dvips/base/8r.enc}]) (Chapters/approval_sheet.tex
<Figures/iit_logo.png, id=10, 144.54pt x 146.949pt>
File: Figures/iit_logo.png Graphic file (type png)
<use Figures/iit_logo.png>
Package pdftex.def Info: Figures/iit_logo.png  used on input line 34.
(pdftex.def)             Requested size: 56.9055pt x 57.8525pt.

Underfull \hbox (badness 10000) in paragraph at lines 42--44

 []

LaTeX Font Info:    Trying to load font information for OT1+ztmcm on input line 66.
(C:\Users\jaafa\AppData\Local\Programs\MiKTeX\tex/latex/psnfss\ot1ztmcm.fd
File: ot1ztmcm.fd 2000/01/03 Fontinst v1.801 font definitions for OT1/ztmcm.
)
LaTeX Font Info:    Trying to load font information for OML+ztmcm on input line 66.
 (C:\Users\jaafa\AppData\Local\Programs\MiKTeX\tex/latex/psnfss\omlztmcm.fd
File: omlztmcm.fd 2000/01/03 Fontinst v1.801 font definitions for OML/ztmcm.
)
LaTeX Font Info:    Trying to load font information for OMS+ztmcm on input line 66.
 (C:\Users\jaafa\AppData\Local\Programs\MiKTeX\tex/latex/psnfss\omsztmcm.fd
File: omsztmcm.fd 2000/01/03 Fontinst v1.801 font definitions for OMS/ztmcm.
)
LaTeX Font Info:    Trying to load font information for OMX+ztmcm on input line 66.
 (C:\Users\jaafa\AppData\Local\Programs\MiKTeX\tex/latex/psnfss\omxztmcm.fd
File: omxztmcm.fd 2000/01/03 Fontinst v1.801 font definitions for OMX/ztmcm.
)
LaTeX Font Info:    Trying to load font information for OT1+ptm on input line 66.
 (C:\Users\jaafa\AppData\Local\Programs\MiKTeX\tex/latex/psnfss\ot1ptm.fd
File: ot1ptm.fd 2001/06/04 font definitions for OT1/ptm.
)
LaTeX Font Info:    Font shape `OT1/ptm/bx/n' in size <12> not available
(Font)              Font shape `OT1/ptm/b/n' tried instead on input line 66.
LaTeX Font Info:    Font shape `OT1/ptm/bx/n' in size <9> not available
(Font)              Font shape `OT1/ptm/b/n' tried instead on input line 66.
LaTeX Font Info:    Font shape `OT1/ptm/bx/n' in size <7> not available
(Font)              Font shape `OT1/ptm/b/n' tried instead on input line 66.
LaTeX Font Info:    Trying to load font information for U+wasy on input line 66.
 (C:\Users\jaafa\AppData\Local\Programs\MiKTeX\tex/latex/wasysym\uwasy.fd
File: uwasy.fd 2020/01/19 v2.4 Wasy-2 symbol font definitions
)

LaTeX Font Warning: Font shape `U/wasy/b/n' in size <9> not available
(Font)              Font shape `U/wasy/m/n' tried instead on input line 66.


LaTeX Font Warning: Font shape `U/wasy/b/n' in size <7> not available
(Font)              Font shape `U/wasy/m/n' tried instead on input line 66.


Overfull \hbox (12.57988pt too wide) in paragraph at lines 100--100
 []$ 
 []

)

[2

 <./Figures/iit_logo.png>] (Chapters/abstract.tex
Overfull \hbox (3.38684pt too wide) in paragraph at lines 8--9
\OT1/ppl/m/n/12 In-fes-ta-tion in prod-ucts and raw ma-te-ri-als can cost man-u-fac-tur-ers up to 3.60%
 []




Package fancyhdr Warning: \headheight is too small (12.0pt): 
(fancyhdr)                Make it at least 14.49998pt, for example:
(fancyhdr)                \setlength{\headheight}{14.49998pt}.
(fancyhdr)                You might also make \topmargin smaller:
(fancyhdr)                \addtolength{\topmargin}{-2.49998pt}.

[3

])


Package fancyhdr Warning: \headheight is too small (12.0pt): 
(fancyhdr)                Make it at least 14.49998pt, for example:
(fancyhdr)                \setlength{\headheight}{14.49998pt}.
(fancyhdr)                You might also make \topmargin smaller:
(fancyhdr)                \addtolength{\topmargin}{-2.49998pt}.

[4] (Chapters/dedication.tex
LaTeX Font Info:    Trying to load font information for OT1+pzc on input line 4.
 (C:\Users\jaafa\AppData\Local\Programs\MiKTeX\tex/latex/psnfss\ot1pzc.fd
File: ot1pzc.fd 2020/03/25 font definitions for OT1/pzc.
)
LaTeX Font Info:    Font shape `OT1/pzc/m/n' in size <12> not available
(Font)              Font shape `OT1/pzc/m/it' tried instead on input line 4.
LaTeX Font Info:    Font shape `OT1/pzc/m/n' in size <20.74> not available
(Font)              Font shape `OT1/pzc/m/it' tried instead on input line 8.


LaTeX Font Warning: Font shape `OT1/pzc/b/n' undefined
(Font)              using `OT1/pzc/m/n' instead on input line 8.

)


Package fancyhdr Warning: \headheight is too small (12.0pt): 
(fancyhdr)                Make it at least 14.49998pt, for example:
(fancyhdr)                \setlength{\headheight}{14.49998pt}.
(fancyhdr)                You might also make \topmargin smaller:
(fancyhdr)                \addtolength{\topmargin}{-2.49998pt}.

[4

] (Chapters/acknowledgement.tex
Overfull \hbox (4.58676pt too wide) in paragraph at lines 17--18
[]\OT1/ppl/m/n/12 Most im-por-tantly, I owe a pro-found debt of grat-i-tude to my ina (mother)
 []




Package fancyhdr Warning: \headheight is too small (12.0pt): 
(fancyhdr)                Make it at least 14.49998pt, for example:
(fancyhdr)                \setlength{\headheight}{14.49998pt}.
(fancyhdr)                You might also make \topmargin smaller:
(fancyhdr)                \addtolength{\topmargin}{-2.49998pt}.

[5

])


Package fancyhdr Warning: \headheight is too small (12.0pt): 
(fancyhdr)                Make it at least 14.49998pt, for example:
(fancyhdr)                \setlength{\headheight}{14.49998pt}.
(fancyhdr)                You might also make \topmargin smaller:
(fancyhdr)                \addtolength{\topmargin}{-2.49998pt}.

[6] (Manuscript.toc
Overfull \hbox (13.14337pt too wide) in paragraph at lines 18--18
 [][] []\OT1/ppl/m/n/12 Calculating Stor-age Ma-te-ri-als Vol-ume Us-ing Depth Mea- 
 []




Package fancyhdr Warning: \headheight is too small (12.0pt): 
(fancyhdr)                Make it at least 14.49998pt, for example:
(fancyhdr)                \setlength{\headheight}{14.49998pt}.
(fancyhdr)                You might also make \topmargin smaller:
(fancyhdr)                \addtolength{\topmargin}{-2.49998pt}.

[7


]
Overfull \hbox (3.25578pt too wide) in paragraph at lines 30--30
 [][] []\OT1/ppl/m/n/12 Frameworks for Point Cloud Pro-cess-ing, Vi-su-al-iza-tion, 
 []




Package fancyhdr Warning: \headheight is too small (12.0pt): 
(fancyhdr)                Make it at least 14.49998pt, for example:
(fancyhdr)                \setlength{\headheight}{14.49998pt}.
(fancyhdr)                You might also make \topmargin smaller:
(fancyhdr)                \addtolength{\topmargin}{-2.49998pt}.

[8]
Overfull \hbox (5.1522pt too wide) in paragraph at lines 53--53
 [][] []\OT1/ppl/m/n/12 Different Vol-ume Quan-tity Mea-sure-ment Cal- 
 []




Package fancyhdr Warning: \headheight is too small (12.0pt): 
(fancyhdr)                Make it at least 14.49998pt, for example:
(fancyhdr)                \setlength{\headheight}{14.49998pt}.
(fancyhdr)                You might also make \topmargin smaller:
(fancyhdr)                \addtolength{\topmargin}{-2.49998pt}.

[9]
Overfull \hbox (11.38031pt too wide) in paragraph at lines 58--58
 [][] []\OT1/ppl/m/n/12 Empty Stor-age Bin Vol-ume Mea-sure-ment Eval- 
 []


Overfull \hbox (3.77219pt too wide) in paragraph at lines 59--59
 [][] []\OT1/ppl/m/n/12 Different Vol-ume Quatity Mea-sure-ment Eval- 
 []




Package fancyhdr Warning: \headheight is too small (12.0pt): 
(fancyhdr)                Make it at least 14.49998pt, for example:
(fancyhdr)                \setlength{\headheight}{14.49998pt}.
(fancyhdr)                You might also make \topmargin smaller:
(fancyhdr)                \addtolength{\topmargin}{-2.49998pt}.

[10]
Overfull \hbox (5.1522pt too wide) in paragraph at lines 75--75
 [][] []\OT1/ppl/m/n/12 Different Vol-ume Quan-tity Mea-sure-ment Cal- 
 []




Package fancyhdr Warning: \headheight is too small (12.0pt): 
(fancyhdr)                Make it at least 14.49998pt, for example:
(fancyhdr)                \setlength{\headheight}{14.49998pt}.
(fancyhdr)                You might also make \topmargin smaller:
(fancyhdr)                \addtolength{\topmargin}{-2.49998pt}.

[11])
\tf@toc=\write5
\openout5 = `Manuscript.toc'.




Package fancyhdr Warning: \headheight is too small (12.0pt): 
(fancyhdr)                Make it at least 14.49998pt, for example:
(fancyhdr)                \setlength{\headheight}{14.49998pt}.
(fancyhdr)                You might also make \topmargin smaller:
(fancyhdr)                \addtolength{\topmargin}{-2.49998pt}.

[12] (Manuscript.lof
Overfull \hbox (7.1453pt too wide) in paragraph at lines 3--3
 [][] []\OT1/ppl/m/n/12 LiDAR Scan Range Con-ver-sion from Po-lar Co-ordintes $\OT1/ztmcm/m/n/12 (\OML/ztmcm/m/it/12 ^^Z; ^^R; ^^^\OT1/ztmcm/m/n/12 )$\OT1/ppl/m/n/12 , 
 []


Overfull \hbox (2.83409pt too wide) in paragraph at lines 11--11
 [][] []\OT1/ppl/m/n/12 System Ar-chi-tec-ture Block Di-a-gram: (A) 3D Point Cloud Scan- 
 []




Package fancyhdr Warning: \headheight is too small (12.0pt): 
(fancyhdr)                Make it at least 14.49998pt, for example:
(fancyhdr)                \setlength{\headheight}{14.49998pt}.
(fancyhdr)                You might also make \topmargin smaller:
(fancyhdr)                \addtolength{\topmargin}{-2.49998pt}.

[13

]


Package fancyhdr Warning: \headheight is too small (12.0pt): 
(fancyhdr)                Make it at least 14.49998pt, for example:
(fancyhdr)                \setlength{\headheight}{14.49998pt}.
(fancyhdr)                You might also make \topmargin smaller:
(fancyhdr)                \addtolength{\topmargin}{-2.49998pt}.

[14])
\tf@lof=\write6
\openout6 = `Manuscript.lof'.




Package fancyhdr Warning: \headheight is too small (12.0pt): 
(fancyhdr)                Make it at least 14.49998pt, for example:
(fancyhdr)                \setlength{\headheight}{14.49998pt}.
(fancyhdr)                You might also make \topmargin smaller:
(fancyhdr)                \addtolength{\topmargin}{-2.49998pt}.

[15] (Manuscript.lot
Overfull \hbox (7.09515pt too wide) in paragraph at lines 13--13
 [][] []\OT1/ppl/m/n/12 Volume Mea-sure-ments Cal-i-bra-tion Re-sult of the Sys-tem Across 
 []


Overfull \hbox (7.09515pt too wide) in paragraph at lines 14--14
 [][] []\OT1/ppl/m/n/12 Volume Mea-sure-ments Cal-i-bra-tion Re-sult of the Sys-tem Across 
 []


Overfull \hbox (7.09515pt too wide) in paragraph at lines 15--15
 [][] []\OT1/ppl/m/n/12 Volume Mea-sure-ments Cal-i-bra-tion Re-sult of the Sys-tem Across 
 []




Package fancyhdr Warning: \headheight is too small (12.0pt): 
(fancyhdr)                Make it at least 14.49998pt, for example:
(fancyhdr)                \setlength{\headheight}{14.49998pt}.
(fancyhdr)                You might also make \topmargin smaller:
(fancyhdr)                \addtolength{\topmargin}{-2.49998pt}.

[16

]
Overfull \hbox (10.64671pt too wide) in paragraph at lines 19--19
 [][] []\OT1/ppl/m/n/12 Comparison of Vol-ume Mea-sure-ment Us-ing the 3D Point Cloud 
 []

)
\tf@lot=\write7
\openout7 = `Manuscript.lot'.




Package fancyhdr Warning: \headheight is too small (12.0pt): 
(fancyhdr)                Make it at least 14.49998pt, for example:
(fancyhdr)                \setlength{\headheight}{14.49998pt}.
(fancyhdr)                You might also make \topmargin smaller:
(fancyhdr)                \addtolength{\topmargin}{-2.49998pt}.

[17] (Chapters/chapter_1.tex
Chapter I.


[1

]


Package fancyhdr Warning: \headheight is too small (12.0pt): 
(fancyhdr)                Make it at least 14.49998pt, for example:
(fancyhdr)                \setlength{\headheight}{14.49998pt}.
(fancyhdr)                You might also make \topmargin smaller:
(fancyhdr)                \addtolength{\topmargin}{-2.49998pt}.

[2]
Overfull \hbox (0.27866pt too wide) in paragraph at lines 27--28
\OT1/ppl/m/n/12 ing can lead to un-nec-es-sary in-ven-tory costs, space con-straints, and in-creased
 []




Package fancyhdr Warning: \headheight is too small (12.0pt): 
(fancyhdr)                Make it at least 14.49998pt, for example:
(fancyhdr)                \setlength{\headheight}{14.49998pt}.
(fancyhdr)                You might also make \topmargin smaller:
(fancyhdr)                \addtolength{\topmargin}{-2.49998pt}.

[3]


Package fancyhdr Warning: \headheight is too small (12.0pt): 
(fancyhdr)                Make it at least 14.49998pt, for example:
(fancyhdr)                \setlength{\headheight}{14.49998pt}.
(fancyhdr)                You might also make \topmargin smaller:
(fancyhdr)                \addtolength{\topmargin}{-2.49998pt}.

[4]
LaTeX Font Info:    Trying to load font information for TS1+ppl on input line 56.
 (C:\Users\jaafa\AppData\Local\Programs\MiKTeX\tex/latex/psnfss\ts1ppl.fd
File: ts1ppl.fd 2001/06/04 font definitions for TS1/ppl.
)


Package fancyhdr Warning: \headheight is too small (12.0pt): 
(fancyhdr)                Make it at least 14.49998pt, for example:
(fancyhdr)                \setlength{\headheight}{14.49998pt}.
(fancyhdr)                You might also make \topmargin smaller:
(fancyhdr)                \addtolength{\topmargin}{-2.49998pt}.

[5]
Overfull \hbox (1.15445pt too wide) in paragraph at lines 74--75
\OT1/ppl/m/n/12 cloud scan-ner sys-tem (3D-PCSS) ad-dresses the need for pre-cise vol-ume mea-
 []




Package fancyhdr Warning: \headheight is too small (12.0pt): 
(fancyhdr)                Make it at least 14.49998pt, for example:
(fancyhdr)                \setlength{\headheight}{14.49998pt}.
(fancyhdr)                You might also make \topmargin smaller:
(fancyhdr)                \addtolength{\topmargin}{-2.49998pt}.

[6]
<./Figures/conceptual_framework_diagram.jpg, id=92, 455.45157pt x 963.6pt>
File: ./Figures/conceptual_framework_diagram.jpg Graphic file (type jpg)
<use ./Figures/conceptual_framework_diagram.jpg>
Package pdftex.def Info: ./Figures/conceptual_framework_diagram.jpg  used on input line 83.
(pdftex.def)             Requested size: 239.2616pt x 478.50528pt.



Package fancyhdr Warning: \headheight is too small (12.0pt): 
(fancyhdr)                Make it at least 14.49998pt, for example:
(fancyhdr)                \setlength{\headheight}{14.49998pt}.
(fancyhdr)                You might also make \topmargin smaller:
(fancyhdr)                \addtolength{\topmargin}{-2.49998pt}.

[7 <./Figures/conceptual_framework_diagram.jpg>]


Package fancyhdr Warning: \headheight is too small (12.0pt): 
(fancyhdr)                Make it at least 14.49998pt, for example:
(fancyhdr)                \setlength{\headheight}{14.49998pt}.
(fancyhdr)                You might also make \topmargin smaller:
(fancyhdr)                \addtolength{\topmargin}{-2.49998pt}.

[8]
<Figures/point cloud conversion.jpg, id=101, 963.6pt x 542.025pt>
File: Figures/point cloud conversion.jpg Graphic file (type jpg)
<use Figures/point cloud conversion.jpg>
Package pdftex.def Info: Figures/point cloud conversion.jpg  used on input line 127.
(pdftex.def)             Requested size: 398.76537pt x 224.29933pt.



Package fancyhdr Warning: \headheight is too small (12.0pt): 
(fancyhdr)                Make it at least 14.49998pt, for example:
(fancyhdr)                \setlength{\headheight}{14.49998pt}.
(fancyhdr)                You might also make \topmargin smaller:
(fancyhdr)                \addtolength{\topmargin}{-2.49998pt}.

[9]
Overfull \hbox (0.80576pt too wide) in paragraph at lines 137--138
\OT1/ppl/m/n/12 com-pu-ta-tional ge-om-e-try. As the small-est con-vex poly-gon con-tain-ing a given
 []




Package fancyhdr Warning: \headheight is too small (12.0pt): 
(fancyhdr)                Make it at least 14.49998pt, for example:
(fancyhdr)                \setlength{\headheight}{14.49998pt}.
(fancyhdr)                You might also make \topmargin smaller:
(fancyhdr)                \addtolength{\topmargin}{-2.49998pt}.

[10 <./Figures/point cloud conversion.jpg>]
<./Figures/convex_hull_3d.png, id=108, 403.5075pt x 217.5628pt>
File: ./Figures/convex_hull_3d.png Graphic file (type png)
<use ./Figures/convex_hull_3d.png>
Package pdftex.def Info: ./Figures/convex_hull_3d.png  used on input line 153.
(pdftex.def)             Requested size: 319.0135pt x 172.00551pt.



Package fancyhdr Warning: \headheight is too small (12.0pt): 
(fancyhdr)                Make it at least 14.49998pt, for example:
(fancyhdr)                \setlength{\headheight}{14.49998pt}.
(fancyhdr)                You might also make \topmargin smaller:
(fancyhdr)                \addtolength{\topmargin}{-2.49998pt}.

[11]


Package fancyhdr Warning: \headheight is too small (12.0pt): 
(fancyhdr)                Make it at least 14.49998pt, for example:
(fancyhdr)                \setlength{\headheight}{14.49998pt}.
(fancyhdr)                You might also make \topmargin smaller:
(fancyhdr)                \addtolength{\topmargin}{-2.49998pt}.

[12 <./Figures/convex_hull_3d.png>]


Package fancyhdr Warning: \headheight is too small (12.0pt): 
(fancyhdr)                Make it at least 14.49998pt, for example:
(fancyhdr)                \setlength{\headheight}{14.49998pt}.
(fancyhdr)                You might also make \topmargin smaller:
(fancyhdr)                \addtolength{\topmargin}{-2.49998pt}.

[13]) (Chapters/chapter_2.tex


Package fancyhdr Warning: \headheight is too small (12.0pt): 
(fancyhdr)                Make it at least 14.49998pt, for example:
(fancyhdr)                \setlength{\headheight}{14.49998pt}.
(fancyhdr)                You might also make \topmargin smaller:
(fancyhdr)                \addtolength{\topmargin}{-2.49998pt}.

[14]
Chapter II.

Overfull \hbox (6.31363pt too wide) in paragraph at lines 7--8
\OT1/ppl/m/n/12 age-ment tech-niques not only en-hance pro-duc-tion but also con-tribute to safety
 []



[15

]


Package fancyhdr Warning: \headheight is too small (12.0pt): 
(fancyhdr)                Make it at least 14.49998pt, for example:
(fancyhdr)                \setlength{\headheight}{14.49998pt}.
(fancyhdr)                You might also make \topmargin smaller:
(fancyhdr)                \addtolength{\topmargin}{-2.49998pt}.

[16]


Package fancyhdr Warning: \headheight is too small (12.0pt): 
(fancyhdr)                Make it at least 14.49998pt, for example:
(fancyhdr)                \setlength{\headheight}{14.49998pt}.
(fancyhdr)                You might also make \topmargin smaller:
(fancyhdr)                \addtolength{\topmargin}{-2.49998pt}.

[17]
<Figures/Block-diagram-of-light-detection-and-ranging-LiDAR-system.jpg, id=133, 853.1875pt x 491.8375pt>
File: Figures/Block-diagram-of-light-detection-and-ranging-LiDAR-system.jpg Graphic file (type jpg)
<use Figures/Block-diagram-of-light-detection-and-ranging-LiDAR-system.jpg>
Package pdftex.def Info: Figures/Block-diagram-of-light-detection-and-ranging-LiDAR-system.jpg  used on input line 31.
(pdftex.def)             Requested size: 358.88638pt x 206.89304pt.



Package fancyhdr Warning: \headheight is too small (12.0pt): 
(fancyhdr)                Make it at least 14.49998pt, for example:
(fancyhdr)                \setlength{\headheight}{14.49998pt}.
(fancyhdr)                You might also make \topmargin smaller:
(fancyhdr)                \addtolength{\topmargin}{-2.49998pt}.

[18]
<Figures/360-degree-lidar-scan.png, id=137, 548.64975pt x 365.56575pt>
File: Figures/360-degree-lidar-scan.png Graphic file (type png)
<use Figures/360-degree-lidar-scan.png>
Package pdftex.def Info: Figures/360-degree-lidar-scan.png  used on input line 40.
(pdftex.def)             Requested size: 358.88638pt x 239.13216pt.



Package fancyhdr Warning: \headheight is too small (12.0pt): 
(fancyhdr)                Make it at least 14.49998pt, for example:
(fancyhdr)                \setlength{\headheight}{14.49998pt}.
(fancyhdr)                You might also make \topmargin smaller:
(fancyhdr)                \addtolength{\topmargin}{-2.49998pt}.

[19 <./Figures/Block-diagram-of-light-detection-and-ranging-LiDAR-system.jpg>]
<Figures/tilting.jpg, id=142, 1947.275pt x 1336.995pt>
File: Figures/tilting.jpg Graphic file (type jpg)
<use Figures/tilting.jpg>
Package pdftex.def Info: Figures/tilting.jpg  used on input line 50.
(pdftex.def)             Requested size: 358.88638pt x 246.40176pt.



Package fancyhdr Warning: \headheight is too small (12.0pt): 
(fancyhdr)                Make it at least 14.49998pt, for example:
(fancyhdr)                \setlength{\headheight}{14.49998pt}.
(fancyhdr)                You might also make \topmargin smaller:
(fancyhdr)                \addtolength{\topmargin}{-2.49998pt}.

[20 <./Figures/360-degree-lidar-scan.png>]


Package fancyhdr Warning: \headheight is too small (12.0pt): 
(fancyhdr)                Make it at least 14.49998pt, for example:
(fancyhdr)                \setlength{\headheight}{14.49998pt}.
(fancyhdr)                You might also make \topmargin smaller:
(fancyhdr)                \addtolength{\topmargin}{-2.49998pt}.

[21 <./Figures/tilting.jpg>]


Package fancyhdr Warning: \headheight is too small (12.0pt): 
(fancyhdr)                Make it at least 14.49998pt, for example:
(fancyhdr)                \setlength{\headheight}{14.49998pt}.
(fancyhdr)                You might also make \topmargin smaller:
(fancyhdr)                \addtolength{\topmargin}{-2.49998pt}.

[22]


Package fancyhdr Warning: \headheight is too small (12.0pt): 
(fancyhdr)                Make it at least 14.49998pt, for example:
(fancyhdr)                \setlength{\headheight}{14.49998pt}.
(fancyhdr)                You might also make \topmargin smaller:
(fancyhdr)                \addtolength{\topmargin}{-2.49998pt}.

[23]


Package fancyhdr Warning: \headheight is too small (12.0pt): 
(fancyhdr)                Make it at least 14.49998pt, for example:
(fancyhdr)                \setlength{\headheight}{14.49998pt}.
(fancyhdr)                You might also make \topmargin smaller:
(fancyhdr)                \addtolength{\topmargin}{-2.49998pt}.

[24]


Package fancyhdr Warning: \headheight is too small (12.0pt): 
(fancyhdr)                Make it at least 14.49998pt, for example:
(fancyhdr)                \setlength{\headheight}{14.49998pt}.
(fancyhdr)                You might also make \topmargin smaller:
(fancyhdr)                \addtolength{\topmargin}{-2.49998pt}.

[25]
<Figures/convex hull.jpg, id=162, 239.19452pt x 112.56212pt>
File: Figures/convex hull.jpg Graphic file (type jpg)
<use Figures/convex hull.jpg>
Package pdftex.def Info: Figures/convex hull.jpg  used on input line 106.
(pdftex.def)             Requested size: 319.0135pt x 150.12651pt.



Package fancyhdr Warning: \headheight is too small (12.0pt): 
(fancyhdr)                Make it at least 14.49998pt, for example:
(fancyhdr)                \setlength{\headheight}{14.49998pt}.
(fancyhdr)                You might also make \topmargin smaller:
(fancyhdr)                \addtolength{\topmargin}{-2.49998pt}.

[26 <./Figures/convex hull.jpg>]


Package fancyhdr Warning: \headheight is too small (12.0pt): 
(fancyhdr)                Make it at least 14.49998pt, for example:
(fancyhdr)                \setlength{\headheight}{14.49998pt}.
(fancyhdr)                You might also make \topmargin smaller:
(fancyhdr)                \addtolength{\topmargin}{-2.49998pt}.

[27]
Overfull \hbox (5.91818pt too wide) in paragraph at lines 143--144
\OT1/ppl/m/n/12 time in-ter-ac-tion with ROS-enabled robots. For in-stance, in a study by Qureshi
 []




Package fancyhdr Warning: \headheight is too small (12.0pt): 
(fancyhdr)                Make it at least 14.49998pt, for example:
(fancyhdr)                \setlength{\headheight}{14.49998pt}.
(fancyhdr)                You might also make \topmargin smaller:
(fancyhdr)                \addtolength{\topmargin}{-2.49998pt}.

[28]


Package fancyhdr Warning: \headheight is too small (12.0pt): 
(fancyhdr)                Make it at least 14.49998pt, for example:
(fancyhdr)                \setlength{\headheight}{14.49998pt}.
(fancyhdr)                You might also make \topmargin smaller:
(fancyhdr)                \addtolength{\topmargin}{-2.49998pt}.

[29]


Package fancyhdr Warning: \headheight is too small (12.0pt): 
(fancyhdr)                Make it at least 14.49998pt, for example:
(fancyhdr)                \setlength{\headheight}{14.49998pt}.
(fancyhdr)                You might also make \topmargin smaller:
(fancyhdr)                \addtolength{\topmargin}{-2.49998pt}.

[30]
LaTeX Font Info:    Font shape `OT1/ptm/bx/n' in size <10> not available
(Font)              Font shape `OT1/ptm/b/n' tried instead on input line 274.
LaTeX Font Info:    Font shape `OT1/ptm/bx/n' in size <7.4> not available
(Font)              Font shape `OT1/ptm/b/n' tried instead on input line 274.
LaTeX Font Info:    Font shape `OT1/ptm/bx/n' in size <6> not available
(Font)              Font shape `OT1/ptm/b/n' tried instead on input line 274.


LaTeX Font Warning: Font shape `U/wasy/b/n' in size <7.4> not available
(Font)              Font shape `U/wasy/m/n' tried instead on input line 274.


LaTeX Font Warning: Font shape `U/wasy/b/n' in size <6> not available
(Font)              Font shape `U/wasy/m/n' tried instead on input line 274.


Underfull \hbox (badness 10000) in paragraph at lines 276--276
[]|\OT1/ppl/m/n/12 To re-con-struct com-
 []


Underfull \hbox (badness 10000) in paragraph at lines 276--276
\OT1/ppl/m/n/12 ro-tary mech-a-nism.
 []


Underfull \hbox (badness 2653) in paragraph at lines 276--276
\OT1/ppl/m/n/12 The study sought to
 []


Underfull \hbox (badness 10000) in paragraph at lines 276--276
\OT1/ppl/m/n/12 and per-for-mance of
 []


Underfull \hbox (badness 10000) in paragraph at lines 277--277
\OT1/ppl/m/n/12 low-cost off-the-shelf
 []


Underfull \hbox (badness 10000) in paragraph at lines 277--277
\OT1/ppl/m/n/12 Li-DAR sen-sor com-
 []


Underfull \hbox (badness 4353) in paragraph at lines 277--277
\OT1/ppl/m/n/12 ro-tary mech-a-nism to
 []


Underfull \hbox (badness 7963) in paragraph at lines 277--277
\OT1/ppl/m/n/12 tion. Ex-per-i-men-tal
 []


Underfull \hbox (badness 2707) in paragraph at lines 277--277
\OT1/ppl/m/n/12 tests were con-ducted
 []


Underfull \hbox (badness 10000) in paragraph at lines 277--277
\OT1/ppl/m/n/12 and ef-fec-tive-ness of
 []


Underfull \hbox (badness 10000) in paragraph at lines 278--278
[]|\OT1/ppl/m/n/12 The re-search ad-
 []


Underfull \hbox (badness 1264) in paragraph at lines 278--278
\OT1/ppl/m/n/12 dressed the chal-lenge
 []


Underfull \hbox (badness 1430) in paragraph at lines 278--278
\OT1/ppl/m/n/12 of us-ing low-cost 2D
 []


Underfull \hbox (badness 10000) in paragraph at lines 278--278
\OT1/ppl/m/n/12 Li-DAR sen-sors for
 []


Underfull \hbox (badness 10000) in paragraph at lines 278--278
\OT1/ppl/m/n/12 3D re-con-struc-tion,
 []


Underfull \hbox (badness 8075) in paragraph at lines 278--278
\OT1/ppl/m/n/12 fo-cus-ing on the in-
 []


Underfull \hbox (badness 1137) in paragraph at lines 278--278
\OT1/ppl/m/n/12 hard-ware or soft-ware
 []


Underfull \hbox (badness 10000) in paragraph at lines 278--278
\OT1/ppl/m/n/12 re-quired for ac-cu-
 []


Underfull \hbox (badness 4752) in paragraph at lines 278--278
\OT1/ppl/m/n/12 rate 3D point cloud
 []


Underfull \hbox (badness 4582) in paragraph at lines 279--280
[]|\OT1/ppl/m/n/12 Concluded that in-te-
 []


Underfull \hbox (badness 10000) in paragraph at lines 279--280
\OT1/ppl/m/n/12 grat-ing an ex-ter-nal
 []


Underfull \hbox (badness 10000) in paragraph at lines 279--280
\OT1/ppl/m/n/12 ro-tary mech-a-nism
 []


Underfull \hbox (badness 10000) in paragraph at lines 279--280
\OT1/ppl/m/n/12 al-lows low-cost 2D
 []


Underfull \hbox (badness 10000) in paragraph at lines 279--280
\OT1/ppl/m/n/12 Li-DAR sen-sors to
 []


Underfull \hbox (badness 10000) in paragraph at lines 279--280
\OT1/ppl/m/n/12 per-form 3D point
 []


Underfull \hbox (badness 7397) in paragraph at lines 279--280
\OT1/ppl/m/n/12 plex-ity but pro-vides
 []


Underfull \hbox (badness 10000) in paragraph at lines 279--280
\OT1/ppl/m/n/12 a cost-effective so-
 []


Underfull \hbox (badness 3333) in paragraph at lines 279--280
\OT1/ppl/m/n/12 lu-tion for 3D model
 []


Underfull \hbox (badness 1400) in paragraph at lines 283--283
\OT1/ppl/m/n/12 point cloud rep-re-sen-
 []


Underfull \hbox (badness 1442) in paragraph at lines 283--283
\OT1/ppl/m/n/12 ment us-ing a 2D Li-
 []


Underfull \hbox (badness 2635) in paragraph at lines 284--284
[]|\OT1/ppl/m/n/12 The method-ol-ogy in-
 []


Underfull \hbox (badness 1502) in paragraph at lines 284--284
\OT1/ppl/m/n/12 volved ro-tat-ing a 2D
 []


Underfull \hbox (badness 1917) in paragraph at lines 284--284
\OT1/ppl/m/n/12 Li-DAR us-ing a step-
 []


Underfull \hbox (badness 1033) in paragraph at lines 284--284
\OT1/ppl/m/n/12 tial mo-tor shaft po-si-
 []


Underfull \hbox (badness 5667) in paragraph at lines 285--285
[]|\OT1/ppl/m/n/12 The re-search tack-led
 []


Underfull \hbox (badness 1383) in paragraph at lines 285--285
\OT1/ppl/m/n/12 the chal-lenge of syn-
 []


Underfull \hbox (badness 5245) in paragraph at lines 285--285
\OT1/ppl/m/n/12 chro-niz-ing a 2D Li-
 []


Underfull \hbox (badness 2932) in paragraph at lines 285--285
\OT1/ppl/m/n/12 DAR with a step-per
 []


Underfull \hbox (badness 7012) in paragraph at lines 285--285
\OT1/ppl/m/n/12 mo-tor for 3D point
 []


Underfull \hbox (badness 5431) in paragraph at lines 286--287
[]|\OT1/ppl/m/n/12 Demonstrated that a
 []


Underfull \hbox (badness 1331) in paragraph at lines 286--287
\OT1/ppl/m/n/12 2D Li-DAR, when ro-
 []


LaTeX Warning: `h' float specifier changed to `ht'.




Package fancyhdr Warning: \headheight is too small (12.0pt): 
(fancyhdr)                Make it at least 14.49998pt, for example:
(fancyhdr)                \setlength{\headheight}{14.49998pt}.
(fancyhdr)                You might also make \topmargin smaller:
(fancyhdr)                \addtolength{\topmargin}{-2.49998pt}.

[31]
Underfull \hbox (badness 1152) in paragraph at lines 303--303
\OT1/ppl/m/n/12 cal-i-bra-tion to ad-dress
 []


Underfull \hbox (badness 3039) in paragraph at lines 304--304
[]|\OT1/ppl/m/n/12 shading sheets. In-
 []


Underfull \hbox (badness 5878) in paragraph at lines 304--304
\OT1/ppl/m/n/12 con-ducted to cor-rect
 []


Underfull \hbox (badness 2495) in paragraph at lines 305--305
[]|\OT1/ppl/m/n/12 position. The fo-cus
 []


Underfull \hbox (badness 1297) in paragraph at lines 305--305
\OT1/ppl/m/n/12 was on de-vel-op-ing a
 []


Underfull \hbox (badness 1629) in paragraph at lines 305--305
\OT1/ppl/m/n/12 cost-effective yet pre-
 []


Underfull \hbox (badness 4927) in paragraph at lines 305--305
\OT1/ppl/m/n/12 cise so-lu-tion for 3D
 []


Underfull \hbox (badness 4429) in paragraph at lines 306--307
[]|\OT1/ppl/m/n/12 representation. The
 []


Underfull \hbox (badness 10000) in paragraph at lines 306--307
\OT1/ppl/m/n/12 use of pho-to-elec-tric
 []


Underfull \hbox (badness 10000) in paragraph at lines 306--307
\OT1/ppl/m/n/12 switches and shad-
 []


Underfull \hbox (badness 3386) in paragraph at lines 306--307
\OT1/ppl/m/n/12 ing sheets for ini-tial
 []


Underfull \hbox (badness 10000) in paragraph at lines 306--307
\OT1/ppl/m/n/12 po-si-tion def-i-ni-tion
 []


Underfull \hbox (badness 1142) in paragraph at lines 306--307
\OT1/ppl/m/n/12 and in-ten-sive cal-i-bra-
 []


Underfull \hbox (badness 10000) in paragraph at lines 306--307
\OT1/ppl/m/n/12 tion en-sures sys-tem
 []


Underfull \hbox (badness 10000) in paragraph at lines 306--307
\OT1/ppl/m/n/12 ac-cu-racy, pro-vid-ing
 []


Underfull \hbox (badness 10000) in paragraph at lines 306--307
\OT1/ppl/m/n/12 a low-cost so-lu-tion
 []


Underfull \hbox (badness 10000) in paragraph at lines 306--307
\OT1/ppl/m/n/12 for 3D en-vi-ron-ment
 []


Underfull \hbox (badness 10000) in paragraph at lines 308--308
[]|\OT1/ppl/m/n/12 Clar and
 []


Underfull \hbox (badness 10000) in paragraph at lines 308--308
\OT1/ppl/m/n/12 Salaan
 []


Underfull \hbox (badness 3407) in paragraph at lines 309--309
[]|\OT1/ppl/m/n/12 Aimed to de-velop a
 []


Underfull \hbox (badness 5446) in paragraph at lines 309--309
\OT1/ppl/m/n/12 raw ma-te-ri-als in si-
 []


Underfull \hbox (badness 2027) in paragraph at lines 310--310
\OT1/ppl/m/n/12 cessed the data with
 []


Underfull \hbox (badness 5105) in paragraph at lines 310--310
\OT1/ppl/m/n/12 al-go-rithm. Out-liers
 []


Underfull \hbox (badness 3302) in paragraph at lines 310--310
\OT1/ppl/m/n/12 were re-moved sta-tis-
 []


Underfull \hbox (badness 2158) in paragraph at lines 310--310
\OT1/ppl/m/n/12 ti-cally, and the Con-
 []


Underfull \hbox (badness 10000) in paragraph at lines 311--311
[]|\OT1/ppl/m/n/12 The re-search ad-
 []


Underfull \hbox (badness 1264) in paragraph at lines 311--311
\OT1/ppl/m/n/12 dressed the chal-lenge
 []


Underfull \hbox (badness 1360) in paragraph at lines 311--311
\OT1/ppl/m/n/12 of ac-cu-rately es-ti-mat-
 []


Underfull \hbox (badness 1033) in paragraph at lines 311--311
\OT1/ppl/m/n/12 ing silo vol-umes due
 []


Underfull \hbox (badness 10000) in paragraph at lines 311--311
\OT1/ppl/m/n/12 to un-even sur-faces,
 []


Underfull \hbox (badness 10000) in paragraph at lines 311--311
\OT1/ppl/m/n/12 which con-ven-tional
 []


Underfull \hbox (badness 10000) in paragraph at lines 311--311
\OT1/ppl/m/n/12 for a more pre-cise,
 []


Underfull \hbox (badness 1092) in paragraph at lines 311--311
\OT1/ppl/m/n/12 ef-fi-cient, and scal-able
 []


Underfull \hbox (badness 10000) in paragraph at lines 312--313
[]|\OT1/ppl/m/n/12 Showed that the
 []


Underfull \hbox (badness 10000) in paragraph at lines 312--313
\OT1/ppl/m/n/12 pro-posed method
 []


Underfull \hbox (badness 10000) in paragraph at lines 312--313
\OT1/ppl/m/n/12 vol-ume es-ti-ma-tion
 []


Underfull \hbox (badness 10000) in paragraph at lines 312--313
\OT1/ppl/m/n/12 ac-cu-racy, how-ever,
 []


Underfull \hbox (badness 2318) in paragraph at lines 312--313
\OT1/ppl/m/n/12 The study con-ducted
 []


Underfull \hbox (badness 2165) in paragraph at lines 312--313
\OT1/ppl/m/n/12 needs for large scale
 []


Underfull \hbox (badness 2005) in paragraph at lines 312--313
\OT1/ppl/m/n/12 and a more com-pact
 []


Underfull \hbox (badness 10000) in paragraph at lines 312--313
\OT1/ppl/m/n/12 and portable so-lu-
 []


Underfull \hbox (badness 10000) in paragraph at lines 312--313
\OT1/ppl/m/n/12 tion for larger-scale
 []




Package fancyhdr Warning: \headheight is too small (12.0pt): 
(fancyhdr)                Make it at least 14.49998pt, for example:
(fancyhdr)                \setlength{\headheight}{14.49998pt}.
(fancyhdr)                You might also make \topmargin smaller:
(fancyhdr)                \addtolength{\topmargin}{-2.49998pt}.

[32]
Underfull \hbox (badness 10000) in paragraph at lines 328--328
[]|\OT1/ppl/m/n/12 Kim
 []


Underfull \hbox (badness 10000) in paragraph at lines 329--329
\OT1/ppl/m/n/12 ad-dress the con-vex
 []


Underfull \hbox (badness 10000) in paragraph at lines 329--329
\OT1/ppl/m/n/12 pu-ta-tional ge-om-e-try,
 []


Underfull \hbox (badness 2547) in paragraph at lines 329--329
\OT1/ppl/m/n/12 fo-cus-ing on de-vel-op-
 []


Underfull \hbox (badness 1701) in paragraph at lines 330--330
\OT1/ppl/m/n/12 niques, in-clud-ing the
 []


Underfull \hbox (badness 10000) in paragraph at lines 330--330
\OT1/ppl/m/n/12 lau-nay tri-an-gu-la-tion,
 []


Underfull \hbox (badness 10000) in paragraph at lines 330--330
\OT1/ppl/m/n/12 furthest-site Voronoi
 []


Underfull \hbox (badness 3942) in paragraph at lines 330--330
\OT1/ppl/m/n/12 di-a-gram, furthest-site
 []


Underfull \hbox (badness 10000) in paragraph at lines 330--330
\OT1/ppl/m/n/12 De-lau-nay tri-an-gu-la-
 []


Underfull \hbox (badness 10000) in paragraph at lines 330--330
\OT1/ppl/m/n/12 tion, and half-space
 []


Underfull \hbox (badness 1975) in paragraph at lines 330--330
\OT1/ppl/m/n/12 in-ter-sec-tion around a
 []


Underfull \hbox (badness 10000) in paragraph at lines 331--331
[]|\OT1/ppl/m/n/12 The re-search ad-
 []


Underfull \hbox (badness 10000) in paragraph at lines 331--331
\OT1/ppl/m/n/12 of ac-cu-rately com-
 []


Underfull \hbox (badness 10000) in paragraph at lines 331--331
\OT1/ppl/m/n/12 put-ing con-vex hulls
 []


Underfull \hbox (badness 10000) in paragraph at lines 331--331
\OT1/ppl/m/n/12 in high-dimensional
 []


Underfull \hbox (badness 10000) in paragraph at lines 331--331
\OT1/ppl/m/n/12 spaces and re-solv-
 []


Underfull \hbox (badness 3250) in paragraph at lines 331--331
\OT1/ppl/m/n/12 ing is-sues re-lated to
 []


Underfull \hbox (badness 10000) in paragraph at lines 331--331
\OT1/ppl/m/n/12 round-off er-rors in
 []


Underfull \hbox (badness 2726) in paragraph at lines 331--331
\OT1/ppl/m/n/12 floating-point cal-cu-la-
 []


Underfull \hbox (badness 10000) in paragraph at lines 332--333
[]|\OT1/ppl/m/n/12 The stud-ies demon-
 []


Underfull \hbox (badness 10000) in paragraph at lines 332--333
\OT1/ppl/m/n/12 pro-gram is ef-fec-tive
 []


Underfull \hbox (badness 2343) in paragraph at lines 332--333
\OT1/ppl/m/n/12 in com-put-ing con-vex
 []


Underfull \hbox (badness 6364) in paragraph at lines 332--333
\OT1/ppl/m/n/12 umes, sur-face ar-eas,
 []


Underfull \hbox (badness 3407) in paragraph at lines 335--335
\OT1/ppl/m/n/12 i-cal method-ol-ogy for
 []


Underfull \hbox (badness 10000) in paragraph at lines 336--336
\OT1/ppl/m/n/12 bin-ing the mod-i-fied
 []


Underfull \hbox (badness 10000) in paragraph at lines 336--336
\OT1/ppl/m/n/12 Allen-Cahn equa-tion
 []


Underfull \hbox (badness 4429) in paragraph at lines 336--336
\OT1/ppl/m/n/12 with 3D bi-nary pic-
 []


Underfull \hbox (badness 10000) in paragraph at lines 336--336
\OT1/ppl/m/n/12 ture seg-men-ta-tion
 []


Underfull \hbox (badness 10000) in paragraph at lines 336--336
\OT1/ppl/m/n/12 for re-con-struct-ing
 []


Underfull \hbox (badness 10000) in paragraph at lines 336--336
\OT1/ppl/m/n/12 3D vol-umes from
 []


Underfull \hbox (badness 10000) in paragraph at lines 336--336
\OT1/ppl/m/n/12 un-or-ga-nized point
 []


Underfull \hbox (badness 10000) in paragraph at lines 337--337
[]|\OT1/ppl/m/n/12 The re-search ad-
 []


Underfull \hbox (badness 1264) in paragraph at lines 337--337
\OT1/ppl/m/n/12 dressed the chal-lenge
 []


Underfull \hbox (badness 10000) in paragraph at lines 337--337
\OT1/ppl/m/n/12 of ef-fi-ciently re-con-
 []


Underfull \hbox (badness 10000) in paragraph at lines 337--337
\OT1/ppl/m/n/12 a pro-cess es-sen-tial
 []


Underfull \hbox (badness 10000) in paragraph at lines 337--337
\OT1/ppl/m/n/12 for var-i-ous prac-ti-cal
 []


Underfull \hbox (badness 10000) in paragraph at lines 337--337
\OT1/ppl/m/n/12 ham-pered by in-ef-fi-
 []


Underfull \hbox (badness 4913) in paragraph at lines 337--337
\OT1/ppl/m/n/12 cien-cies and lack of
 []


Underfull \hbox (badness 10000) in paragraph at lines 338--339
[]|\OT1/ppl/m/n/12 Demonstrated that
 []


Underfull \hbox (badness 5417) in paragraph at lines 338--339
\OT1/ppl/m/n/12 the pro-posed hy-brid
 []


Underfull \hbox (badness 10000) in paragraph at lines 338--339
\OT1/ppl/m/n/12 nu-mer-i-cal method-ol-
 []


Underfull \hbox (badness 4036) in paragraph at lines 338--339
\OT1/ppl/m/n/12 ogy is both ef-fi-cient
 []


Underfull \hbox (badness 1565) in paragraph at lines 338--339
\OT1/ppl/m/n/12 and re-silient, mak-ing
 []


Underfull \hbox (badness 2035) in paragraph at lines 338--339
\OT1/ppl/m/n/12 it highly suit-able for
 []


Underfull \hbox (badness 10000) in paragraph at lines 338--339
\OT1/ppl/m/n/12 prac-ti-cal ap-pli-ca-tions
 []




Package fancyhdr Warning: \headheight is too small (12.0pt): 
(fancyhdr)                Make it at least 14.49998pt, for example:
(fancyhdr)                \setlength{\headheight}{14.49998pt}.
(fancyhdr)                You might also make \topmargin smaller:
(fancyhdr)                \addtolength{\topmargin}{-2.49998pt}.

[33]) (Chapters/chapter_3.tex
Chapter III.
<Figures/system architecture.jpg, id=188, 963.6pt x 542.025pt>
File: Figures/system architecture.jpg Graphic file (type jpg)
<use Figures/system architecture.jpg>
Package pdftex.def Info: Figures/system architecture.jpg  used on input line 10.
(pdftex.def)             Requested size: 398.76537pt x 224.29933pt.

Underfull \hbox (badness 10000) in paragraph at lines 7--13

 []

<Figures/system_development_process.jpg, id=189, 963.6pt x 542.025pt>
File: Figures/system_development_process.jpg Graphic file (type jpg)
<use Figures/system_development_process.jpg>
Package pdftex.def Info: Figures/system_development_process.jpg  used on input line 17.
(pdftex.def)             Requested size: 398.76537pt x 224.29933pt.


[34







 <./Figures/system architecture.jpg>]
<Figures/hardware_flowchart.jpg, id=193, 963.6pt x 542.025pt>
File: Figures/hardware_flowchart.jpg Graphic file (type jpg)
<use Figures/hardware_flowchart.jpg>
Package pdftex.def Info: Figures/hardware_flowchart.jpg  used on input line 30.
(pdftex.def)             Requested size: 398.76537pt x 224.29933pt.



Package fancyhdr Warning: \headheight is too small (12.0pt): 
(fancyhdr)                Make it at least 14.49998pt, for example:
(fancyhdr)                \setlength{\headheight}{14.49998pt}.
(fancyhdr)                You might also make \topmargin smaller:
(fancyhdr)                \addtolength{\topmargin}{-2.49998pt}.

[35 <./Figures/system_development_process.jpg>]


Package fancyhdr Warning: \headheight is too small (12.0pt): 
(fancyhdr)                Make it at least 14.49998pt, for example:
(fancyhdr)                \setlength{\headheight}{14.49998pt}.
(fancyhdr)                You might also make \topmargin smaller:
(fancyhdr)                \addtolength{\topmargin}{-2.49998pt}.

[36 <./Figures/hardware_flowchart.jpg>]
<Figures/scan_direction_of_lidar_and_servo.jpg, id=200, 963.6pt x 542.025pt>
File: Figures/scan_direction_of_lidar_and_servo.jpg Graphic file (type jpg)
<use Figures/scan_direction_of_lidar_and_servo.jpg>
Package pdftex.def Info: Figures/scan_direction_of_lidar_and_servo.jpg  used on input line 126.
(pdftex.def)             Requested size: 398.76537pt x 224.29933pt.

Underfull \hbox (badness 10000) in paragraph at lines 122--129
 
 []




Package fancyhdr Warning: \headheight is too small (12.0pt): 
(fancyhdr)                Make it at least 14.49998pt, for example:
(fancyhdr)                \setlength{\headheight}{14.49998pt}.
(fancyhdr)                You might also make \topmargin smaller:
(fancyhdr)                \addtolength{\topmargin}{-2.49998pt}.

[37]
<Figures/lidar_servo_sync.jpg, id=205, 542.025pt x 740.0147pt>
File: Figures/lidar_servo_sync.jpg Graphic file (type jpg)
<use Figures/lidar_servo_sync.jpg>
Package pdftex.def Info: Figures/lidar_servo_sync.jpg  used on input line 134.
(pdftex.def)             Requested size: 319.0228pt x 358.88411pt.



Package fancyhdr Warning: \headheight is too small (12.0pt): 
(fancyhdr)                Make it at least 14.49998pt, for example:
(fancyhdr)                \setlength{\headheight}{14.49998pt}.
(fancyhdr)                You might also make \topmargin smaller:
(fancyhdr)                \addtolength{\topmargin}{-2.49998pt}.

[38 <./Figures/scan_direction_of_lidar_and_servo.jpg>]
Underfull \hbox (badness 10000) in paragraph at lines 229--230

 []

<Figures/nodes-topics-relationship.jpg, id=209, 963.6pt x 542.025pt>
File: Figures/nodes-topics-relationship.jpg Graphic file (type jpg)
<use Figures/nodes-topics-relationship.jpg>
Package pdftex.def Info: Figures/nodes-topics-relationship.jpg  used on input line 233.
(pdftex.def)             Requested size: 398.76537pt x 224.29933pt.



Package fancyhdr Warning: \headheight is too small (12.0pt): 
(fancyhdr)                Make it at least 14.49998pt, for example:
(fancyhdr)                \setlength{\headheight}{14.49998pt}.
(fancyhdr)                You might also make \topmargin smaller:
(fancyhdr)                \addtolength{\topmargin}{-2.49998pt}.

[39 <./Figures/lidar_servo_sync.jpg>]
LaTeX Font Info:    Trying to load font information for OT1+pcr on input line 238.
 (C:\Users\jaafa\AppData\Local\Programs\MiKTeX\tex/latex/psnfss\ot1pcr.fd
File: ot1pcr.fd 2001/06/04 font definitions for OT1/pcr.
)


Package fancyhdr Warning: \headheight is too small (12.0pt): 
(fancyhdr)                Make it at least 14.49998pt, for example:
(fancyhdr)                \setlength{\headheight}{14.49998pt}.
(fancyhdr)                You might also make \topmargin smaller:
(fancyhdr)                \addtolength{\topmargin}{-2.49998pt}.

[40 <./Figures/nodes-topics-relationship.jpg>]
Underfull \hbox (badness 10000) in paragraph at lines 240--241

 []

<Figures/software-development.jpg, id=217, 277.78781pt x 542.025pt>
File: Figures/software-development.jpg Graphic file (type jpg)
<use Figures/software-development.jpg>
Package pdftex.def Info: Figures/software-development.jpg  used on input line 244.
(pdftex.def)             Requested size: 199.38396pt x 358.89548pt.



Package fancyhdr Warning: \headheight is too small (12.0pt): 
(fancyhdr)                Make it at least 14.49998pt, for example:
(fancyhdr)                \setlength{\headheight}{14.49998pt}.
(fancyhdr)                You might also make \topmargin smaller:
(fancyhdr)                \addtolength{\topmargin}{-2.49998pt}.

[41]


Package fancyhdr Warning: \headheight is too small (12.0pt): 
(fancyhdr)                Make it at least 14.49998pt, for example:
(fancyhdr)                \setlength{\headheight}{14.49998pt}.
(fancyhdr)                You might also make \topmargin smaller:
(fancyhdr)                \addtolength{\topmargin}{-2.49998pt}.

[42 <./Figures/software-development.jpg>]
Underfull \hbox (badness 10000) in paragraph at lines 254--255
 
 []

<Figures/software_system_process.jpg, id=224, 514.17094pt x 952.30782pt>
File: Figures/software_system_process.jpg Graphic file (type jpg)
<use Figures/software_system_process.jpg>
Package pdftex.def Info: Figures/software_system_process.jpg  used on input line 258.
(pdftex.def)             Requested size: 279.13884pt x 437.23865pt.



Package fancyhdr Warning: \headheight is too small (12.0pt): 
(fancyhdr)                Make it at least 14.49998pt, for example:
(fancyhdr)                \setlength{\headheight}{14.49998pt}.
(fancyhdr)                You might also make \topmargin smaller:
(fancyhdr)                \addtolength{\topmargin}{-2.49998pt}.

[43]


Package fancyhdr Warning: \headheight is too small (12.0pt): 
(fancyhdr)                Make it at least 14.49998pt, for example:
(fancyhdr)                \setlength{\headheight}{14.49998pt}.
(fancyhdr)                You might also make \topmargin smaller:
(fancyhdr)                \addtolength{\topmargin}{-2.49998pt}.

[44 <./Figures/software_system_process.jpg>]
<Figures/scanning-to-pc-flow-chart.jpg, id=232, 703.12688pt x 542.025pt>
File: Figures/scanning-to-pc-flow-chart.jpg Graphic file (type jpg)
<use Figures/scanning-to-pc-flow-chart.jpg>
Package pdftex.def Info: Figures/scanning-to-pc-flow-chart.jpg  used on input line 289.
(pdftex.def)             Requested size: 358.88638pt x 276.65239pt.



Package fancyhdr Warning: \headheight is too small (12.0pt): 
(fancyhdr)                Make it at least 14.49998pt, for example:
(fancyhdr)                \setlength{\headheight}{14.49998pt}.
(fancyhdr)                You might also make \topmargin smaller:
(fancyhdr)                \addtolength{\topmargin}{-2.49998pt}.

[45]


Package fancyhdr Warning: \headheight is too small (12.0pt): 
(fancyhdr)                Make it at least 14.49998pt, for example:
(fancyhdr)                \setlength{\headheight}{14.49998pt}.
(fancyhdr)                You might also make \topmargin smaller:
(fancyhdr)                \addtolength{\topmargin}{-2.49998pt}.

[46 <./Figures/scanning-to-pc-flow-chart.jpg>]
<Figures/volume-estimation-process.jpg, id=239, 289.08pt x 542.025pt>
File: Figures/volume-estimation-process.jpg Graphic file (type jpg)
<use Figures/volume-estimation-process.jpg>
Package pdftex.def Info: Figures/volume-estimation-process.jpg  used on input line 313.
(pdftex.def)             Requested size: 199.38159pt x 358.89548pt.



Package fancyhdr Warning: \headheight is too small (12.0pt): 
(fancyhdr)                Make it at least 14.49998pt, for example:
(fancyhdr)                \setlength{\headheight}{14.49998pt}.
(fancyhdr)                You might also make \topmargin smaller:
(fancyhdr)                \addtolength{\topmargin}{-2.49998pt}.

[47]


Package fancyhdr Warning: \headheight is too small (12.0pt): 
(fancyhdr)                Make it at least 14.49998pt, for example:
(fancyhdr)                \setlength{\headheight}{14.49998pt}.
(fancyhdr)                You might also make \topmargin smaller:
(fancyhdr)                \addtolength{\topmargin}{-2.49998pt}.

[48 <./Figures/volume-estimation-process.jpg>]
Overfull \hbox (1.70662pt too wide) in paragraph at lines 355--356
[]\OT1/ppl/m/n/12 The de-vel-oped web ap-pli-ca-tion in-cludes iden-ti-fy-ing the nec-es-sary tools
 []


Underfull \hbox (badness 1057) in paragraph at lines 369--369
\OT1/ppl/m/n/12 event-driven pro-gram-ming, al-low-ing ef-fi-cient
 []


Overfull \hbox (14.22575pt too wide) in paragraph at lines 374--374
[] [] 
 []




Package fancyhdr Warning: \headheight is too small (12.0pt): 
(fancyhdr)                Make it at least 14.49998pt, for example:
(fancyhdr)                \setlength{\headheight}{14.49998pt}.
(fancyhdr)                You might also make \topmargin smaller:
(fancyhdr)                \addtolength{\topmargin}{-2.49998pt}.

[49]


Package fancyhdr Warning: \headheight is too small (12.0pt): 
(fancyhdr)                Make it at least 14.49998pt, for example:
(fancyhdr)                \setlength{\headheight}{14.49998pt}.
(fancyhdr)                You might also make \topmargin smaller:
(fancyhdr)                \addtolength{\topmargin}{-2.49998pt}.

[50]
<Figures/process-flow.jpg, id=253, 963.6pt x 542.025pt>
File: Figures/process-flow.jpg Graphic file (type jpg)
<use Figures/process-flow.jpg>
Package pdftex.def Info: Figures/process-flow.jpg  used on input line 392.
(pdftex.def)             Requested size: 398.76537pt x 224.29933pt.



Package fancyhdr Warning: \headheight is too small (12.0pt): 
(fancyhdr)                Make it at least 14.49998pt, for example:
(fancyhdr)                \setlength{\headheight}{14.49998pt}.
(fancyhdr)                You might also make \topmargin smaller:
(fancyhdr)                \addtolength{\topmargin}{-2.49998pt}.

[51 <./Figures/process-flow.jpg>]
<Figures/websocket-connection.jpg, id=257, 963.6pt x 542.025pt>
File: Figures/websocket-connection.jpg Graphic file (type jpg)
<use Figures/websocket-connection.jpg>
Package pdftex.def Info: Figures/websocket-connection.jpg  used on input line 407.
(pdftex.def)             Requested size: 358.88638pt x 201.8694pt.



Package fancyhdr Warning: \headheight is too small (12.0pt): 
(fancyhdr)                Make it at least 14.49998pt, for example:
(fancyhdr)                \setlength{\headheight}{14.49998pt}.
(fancyhdr)                You might also make \topmargin smaller:
(fancyhdr)                \addtolength{\topmargin}{-2.49998pt}.

[52]


Package fancyhdr Warning: \headheight is too small (12.0pt): 
(fancyhdr)                Make it at least 14.49998pt, for example:
(fancyhdr)                \setlength{\headheight}{14.49998pt}.
(fancyhdr)                You might also make \topmargin smaller:
(fancyhdr)                \addtolength{\topmargin}{-2.49998pt}.

[53 <./Figures/websocket-connection.jpg>]


Package fancyhdr Warning: \headheight is too small (12.0pt): 
(fancyhdr)                Make it at least 14.49998pt, for example:
(fancyhdr)                \setlength{\headheight}{14.49998pt}.
(fancyhdr)                You might also make \topmargin smaller:
(fancyhdr)                \addtolength{\topmargin}{-2.49998pt}.

[54]
<Figures/cad_storage_bin.jpg, id=267, 963.6pt x 542.025pt>
File: Figures/cad_storage_bin.jpg Graphic file (type jpg)
<use Figures/cad_storage_bin.jpg>
Package pdftex.def Info: Figures/cad_storage_bin.jpg  used on input line 500.
(pdftex.def)             Requested size: 398.76537pt x 224.29933pt.

Overfull \hbox (3.0986pt too wide) in paragraph at lines 511--512
 []\OT1/ppl/m/n/12 This cal-i-bra-tion test in-volved per-form-ing mul-ti-ple scans of an empty
 []




Package fancyhdr Warning: \headheight is too small (12.0pt): 
(fancyhdr)                Make it at least 14.49998pt, for example:
(fancyhdr)                \setlength{\headheight}{14.49998pt}.
(fancyhdr)                You might also make \topmargin smaller:
(fancyhdr)                \addtolength{\topmargin}{-2.49998pt}.

[55 <./Figures/cad_storage_bin.jpg>]


Package fancyhdr Warning: \headheight is too small (12.0pt): 
(fancyhdr)                Make it at least 14.49998pt, for example:
(fancyhdr)                \setlength{\headheight}{14.49998pt}.
(fancyhdr)                You might also make \topmargin smaller:
(fancyhdr)                \addtolength{\topmargin}{-2.49998pt}.

[56]
Overfull \hbox (5.12872pt too wide) in paragraph at lines 542--542
 []\OT1/ppl/b/n/12 Volume Mea-sure-ment Us-ing the Sys-tem and Sound-ing Method
 []


Overfull \hbox (0.14555pt too wide) in paragraph at lines 548--549
[]\OT1/ppl/m/n/12 The sur-face con-tour of the flour was ad-justed into five dif-fer-ent shapes. 
 []




Package fancyhdr Warning: \headheight is too small (12.0pt): 
(fancyhdr)                Make it at least 14.49998pt, for example:
(fancyhdr)                \setlength{\headheight}{14.49998pt}.
(fancyhdr)                You might also make \topmargin smaller:
(fancyhdr)                \addtolength{\topmargin}{-2.49998pt}.

[57]


Package fancyhdr Warning: \headheight is too small (12.0pt): 
(fancyhdr)                Make it at least 14.49998pt, for example:
(fancyhdr)                \setlength{\headheight}{14.49998pt}.
(fancyhdr)                You might also make \topmargin smaller:
(fancyhdr)                \addtolength{\topmargin}{-2.49998pt}.

[58]
Overfull \hbox (13.77818pt too wide) in paragraph at lines 673--674
 \OT1/ppl/m/n/12 were com-pared with those ob-tained us-ing the tra-di-tional sound-ing method.
 []




Package fancyhdr Warning: \headheight is too small (12.0pt): 
(fancyhdr)                Make it at least 14.49998pt, for example:
(fancyhdr)                \setlength{\headheight}{14.49998pt}.
(fancyhdr)                You might also make \topmargin smaller:
(fancyhdr)                \addtolength{\topmargin}{-2.49998pt}.

[59]) (Chapters/chapter_4.tex


Package fancyhdr Warning: \headheight is too small (12.0pt): 
(fancyhdr)                Make it at least 14.49998pt, for example:
(fancyhdr)                \setlength{\headheight}{14.49998pt}.
(fancyhdr)                You might also make \topmargin smaller:
(fancyhdr)                \addtolength{\topmargin}{-2.49998pt}.

[60]
Chapter IV.
<Figures/3d-pcss-cad-design.jpg, id=287, 963.6pt x 542.025pt>
File: Figures/3d-pcss-cad-design.jpg Graphic file (type jpg)
<use Figures/3d-pcss-cad-design.jpg>
Package pdftex.def Info: Figures/3d-pcss-cad-design.jpg  used on input line 17.
(pdftex.def)             Requested size: 398.76537pt x 224.29933pt.


[61

]
Underfull \hbox (badness 10000) in paragraph at lines 24--25

 []

<Figures/specific-components.jpg, id=292, 963.6pt x 542.025pt>
File: Figures/specific-components.jpg Graphic file (type jpg)
<use Figures/specific-components.jpg>
Package pdftex.def Info: Figures/specific-components.jpg  used on input line 28.
(pdftex.def)             Requested size: 398.76537pt x 224.29933pt.



Package fancyhdr Warning: \headheight is too small (12.0pt): 
(fancyhdr)                Make it at least 14.49998pt, for example:
(fancyhdr)                \setlength{\headheight}{14.49998pt}.
(fancyhdr)                You might also make \topmargin smaller:
(fancyhdr)                \addtolength{\topmargin}{-2.49998pt}.

[62 <./Figures/3d-pcss-cad-design.jpg>]
<Figures/crkt_diagram.jpg, id=296, 963.6pt x 542.025pt>
File: Figures/crkt_diagram.jpg Graphic file (type jpg)
<use Figures/crkt_diagram.jpg>
Package pdftex.def Info: Figures/crkt_diagram.jpg  used on input line 35.
(pdftex.def)             Requested size: 398.76537pt x 224.29933pt.
<Figures/actual-3d-pcss.jpg, id=297, 963.6pt x 542.025pt>
File: Figures/actual-3d-pcss.jpg Graphic file (type jpg)
<use Figures/actual-3d-pcss.jpg>
Package pdftex.def Info: Figures/actual-3d-pcss.jpg  used on input line 49.
(pdftex.def)             Requested size: 398.76537pt x 224.29933pt.

Underfull \hbox (badness 10000) in paragraph at lines 46--52

 []




Package fancyhdr Warning: \headheight is too small (12.0pt): 
(fancyhdr)                Make it at least 14.49998pt, for example:
(fancyhdr)                \setlength{\headheight}{14.49998pt}.
(fancyhdr)                You might also make \topmargin smaller:
(fancyhdr)                \addtolength{\topmargin}{-2.49998pt}.

[63 <./Figures/specific-components.jpg> <./Figures/crkt_diagram.jpg>]
<Figures/actual-circuit-components.jpg, id=301, 963.6pt x 542.025pt>
File: Figures/actual-circuit-components.jpg Graphic file (type jpg)
<use Figures/actual-circuit-components.jpg>
Package pdftex.def Info: Figures/actual-circuit-components.jpg  used on input line 56.
(pdftex.def)             Requested size: 319.0135pt x 179.43947pt.



Package fancyhdr Warning: \headheight is too small (12.0pt): 
(fancyhdr)                Make it at least 14.49998pt, for example:
(fancyhdr)                \setlength{\headheight}{14.49998pt}.
(fancyhdr)                You might also make \topmargin smaller:
(fancyhdr)                \addtolength{\topmargin}{-2.49998pt}.

[64 <./Figures/actual-3d-pcss.jpg>]
Overfull \hbox (6.01566pt too wide) in paragraph at lines 63--64
[]\OT1/ppl/m/n/12 The pro-cesses of the sys-tem dis-cussed in sec-tion 3.1.2[] were im-ple-mented
 []

<Figures/volume-estimation-example.jpg, id=305, 963.6pt x 542.025pt>
File: Figures/volume-estimation-example.jpg Graphic file (type jpg)
<use Figures/volume-estimation-example.jpg>
Package pdftex.def Info: Figures/volume-estimation-example.jpg  used on input line 67.
(pdftex.def)             Requested size: 319.0135pt x 179.43947pt.

Underfull \hbox (badness 10000) in paragraph at lines 72--73

 []




Package fancyhdr Warning: \headheight is too small (12.0pt): 
(fancyhdr)                Make it at least 14.49998pt, for example:
(fancyhdr)                \setlength{\headheight}{14.49998pt}.
(fancyhdr)                You might also make \topmargin smaller:
(fancyhdr)                \addtolength{\topmargin}{-2.49998pt}.

[65 <./Figures/actual-circuit-components.jpg> <./Figures/volume-estimation-example.jpg>]


Package fancyhdr Warning: \headheight is too small (12.0pt): 
(fancyhdr)                Make it at least 14.49998pt, for example:
(fancyhdr)                \setlength{\headheight}{14.49998pt}.
(fancyhdr)                You might also make \topmargin smaller:
(fancyhdr)                \addtolength{\topmargin}{-2.49998pt}.

[66]


Package fancyhdr Warning: \headheight is too small (12.0pt): 
(fancyhdr)                Make it at least 14.49998pt, for example:
(fancyhdr)                \setlength{\headheight}{14.49998pt}.
(fancyhdr)                You might also make \topmargin smaller:
(fancyhdr)                \addtolength{\topmargin}{-2.49998pt}.

[67]
Underfull \hbox (badness 10000) in paragraph at lines 165--166

 []




Package fancyhdr Warning: \headheight is too small (12.0pt): 
(fancyhdr)                Make it at least 14.49998pt, for example:
(fancyhdr)                \setlength{\headheight}{14.49998pt}.
(fancyhdr)                You might also make \topmargin smaller:
(fancyhdr)                \addtolength{\topmargin}{-2.49998pt}.

[68]
<Figures/main-dashboard-resize-phone.png, id=319, 2481.27pt x 1499.6025pt>
File: Figures/main-dashboard-resize-phone.png Graphic file (type png)
<use Figures/main-dashboard-resize-phone.png>
Package pdftex.def Info: Figures/main-dashboard-resize-phone.png  used on input line 169.
(pdftex.def)             Requested size: 358.88638pt x 216.89906pt.
<Figures/data-section-resize-phone.png, id=320, 2224.31pt x 1495.5875pt>
File: Figures/data-section-resize-phone.png Graphic file (type png)
<use Figures/data-section-resize-phone.png>
Package pdftex.def Info: Figures/data-section-resize-phone.png  used on input line 179.
(pdftex.def)             Requested size: 398.76537pt x 268.12155pt.

Underfull \hbox (badness 10000) in paragraph at lines 176--182

 []




Package fancyhdr Warning: \headheight is too small (12.0pt): 
(fancyhdr)                Make it at least 14.49998pt, for example:
(fancyhdr)                \setlength{\headheight}{14.49998pt}.
(fancyhdr)                You might also make \topmargin smaller:
(fancyhdr)                \addtolength{\topmargin}{-2.49998pt}.

[69 <./Figures/main-dashboard-resize-phone.png>]
Overfull \hbox (13.37021pt too wide) in paragraph at lines 185--186
\OT1/ppl/m/n/12 time stamp (date), and flout val-ues for the empty space (empty[]space[]volume),
 []

<Figures/database-schema-design.png, id=325, 831.105pt x 545.03625pt>
File: Figures/database-schema-design.png Graphic file (type png)
<use Figures/database-schema-design.png>
Package pdftex.def Info: Figures/database-schema-design.png  used on input line 189.
(pdftex.def)             Requested size: 199.38268pt x 130.75316pt.



Package fancyhdr Warning: \headheight is too small (12.0pt): 
(fancyhdr)                Make it at least 14.49998pt, for example:
(fancyhdr)                \setlength{\headheight}{14.49998pt}.
(fancyhdr)                You might also make \topmargin smaller:
(fancyhdr)                \addtolength{\topmargin}{-2.49998pt}.

[70 <./Figures/data-section-resize-phone.png>]


Package fancyhdr Warning: \headheight is too small (12.0pt): 
(fancyhdr)                Make it at least 14.49998pt, for example:
(fancyhdr)                \setlength{\headheight}{14.49998pt}.
(fancyhdr)                You might also make \topmargin smaller:
(fancyhdr)                \addtolength{\topmargin}{-2.49998pt}.

[71 <./Figures/database-schema-design.png>]
Underfull \hbox (badness 10000) in paragraph at lines 203--204
 
 []


Overfull \hbox (14.99982pt too wide) in paragraph at lines 219--219
[] [] 
 []


Underfull \hbox (badness 10000) in paragraph at lines 224--225
 
 []


Overfull \hbox (20.73376pt too wide) in paragraph at lines 240--240
[] [] 
 []




Package fancyhdr Warning: \headheight is too small (12.0pt): 
(fancyhdr)                Make it at least 14.49998pt, for example:
(fancyhdr)                \setlength{\headheight}{14.49998pt}.
(fancyhdr)                You might also make \topmargin smaller:
(fancyhdr)                \addtolength{\topmargin}{-2.49998pt}.

[72]
Underfull \hbox (badness 10000) in paragraph at lines 250--251
 
 []

<Figures/constructed_storage_bin.jpg, id=337, 846.16125pt x 542.025pt>
File: Figures/constructed_storage_bin.jpg Graphic file (type jpg)
<use Figures/constructed_storage_bin.jpg>
Package pdftex.def Info: Figures/constructed_storage_bin.jpg  used on input line 254.
(pdftex.def)             Requested size: 358.88638pt x 229.89027pt.



Package fancyhdr Warning: \headheight is too small (12.0pt): 
(fancyhdr)                Make it at least 14.49998pt, for example:
(fancyhdr)                \setlength{\headheight}{14.49998pt}.
(fancyhdr)                You might also make \topmargin smaller:
(fancyhdr)                \addtolength{\topmargin}{-2.49998pt}.

[73]


Package fancyhdr Warning: \headheight is too small (12.0pt): 
(fancyhdr)                Make it at least 14.49998pt, for example:
(fancyhdr)                \setlength{\headheight}{14.49998pt}.
(fancyhdr)                You might also make \topmargin smaller:
(fancyhdr)                \addtolength{\topmargin}{-2.49998pt}.

[74 <./Figures/constructed_storage_bin.jpg>]
Underfull \hbox (badness 10000) in paragraph at lines 283--284
 
 []


Overfull \hbox (5.17671pt too wide) in alignment at lines 301--301
[][][][][] 
 []


Underfull \hbox (badness 10000) in paragraph at lines 338--339
 
 []

<Figures/actual-system-setup.jpg, id=345, 963.6pt x 542.025pt>
File: Figures/actual-system-setup.jpg Graphic file (type jpg)
<use Figures/actual-system-setup.jpg>
Package pdftex.def Info: Figures/actual-system-setup.jpg  used on input line 342.
(pdftex.def)             Requested size: 398.76537pt x 224.29933pt.



Package fancyhdr Warning: \headheight is too small (12.0pt): 
(fancyhdr)                Make it at least 14.49998pt, for example:
(fancyhdr)                \setlength{\headheight}{14.49998pt}.
(fancyhdr)                You might also make \topmargin smaller:
(fancyhdr)                \addtolength{\topmargin}{-2.49998pt}.

[75]
Underfull \hbox (badness 10000) in paragraph at lines 348--349
 
 []

<Figures/empty-bin-point-cloud.jpg, id=349, 963.6pt x 542.025pt>
File: Figures/empty-bin-point-cloud.jpg Graphic file (type jpg)
<use Figures/empty-bin-point-cloud.jpg>
Package pdftex.def Info: Figures/empty-bin-point-cloud.jpg  used on input line 352.
(pdftex.def)             Requested size: 398.76537pt x 224.29933pt.



Package fancyhdr Warning: \headheight is too small (12.0pt): 
(fancyhdr)                Make it at least 14.49998pt, for example:
(fancyhdr)                \setlength{\headheight}{14.49998pt}.
(fancyhdr)                You might also make \topmargin smaller:
(fancyhdr)                \addtolength{\topmargin}{-2.49998pt}.

[76 <./Figures/actual-system-setup.jpg>]
<Figures/web-point-cloud-and-volume-1.jpg, id=353, 963.6pt x 542.025pt>
File: Figures/web-point-cloud-and-volume-1.jpg Graphic file (type jpg)
<use Figures/web-point-cloud-and-volume-1.jpg>
Package pdftex.def Info: Figures/web-point-cloud-and-volume-1.jpg  used on input line 361.
(pdftex.def)             Requested size: 398.76537pt x 224.29933pt.

Overfull \hbox (4.50407pt too wide) in paragraph at lines 412--412
[] [] 
 []




Package fancyhdr Warning: \headheight is too small (12.0pt): 
(fancyhdr)                Make it at least 14.49998pt, for example:
(fancyhdr)                \setlength{\headheight}{14.49998pt}.
(fancyhdr)                You might also make \topmargin smaller:
(fancyhdr)                \addtolength{\topmargin}{-2.49998pt}.

[77 <./Figures/empty-bin-point-cloud.jpg> <./Figures/web-point-cloud-and-volume-1.jpg>]


Package fancyhdr Warning: \headheight is too small (12.0pt): 
(fancyhdr)                Make it at least 14.49998pt, for example:
(fancyhdr)                \setlength{\headheight}{14.49998pt}.
(fancyhdr)                You might also make \topmargin smaller:
(fancyhdr)                \addtolength{\topmargin}{-2.49998pt}.

[78]
Underfull \hbox (badness 10000) in paragraph at lines 447--448
 
 []

<Figures/known-volume.jpg, id=360, 963.6pt x 542.025pt>
File: Figures/known-volume.jpg Graphic file (type jpg)
<use Figures/known-volume.jpg>
Package pdftex.def Info: Figures/known-volume.jpg  used on input line 451.
(pdftex.def)             Requested size: 319.0135pt x 179.43947pt.



Package fancyhdr Warning: \headheight is too small (12.0pt): 
(fancyhdr)                Make it at least 14.49998pt, for example:
(fancyhdr)                \setlength{\headheight}{14.49998pt}.
(fancyhdr)                You might also make \topmargin smaller:
(fancyhdr)                \addtolength{\topmargin}{-2.49998pt}.

[79]
<Figures/test_2-1_contours.jpg, id=365, 963.6pt x 542.025pt>
File: Figures/test_2-1_contours.jpg Graphic file (type jpg)
<use Figures/test_2-1_contours.jpg>
Package pdftex.def Info: Figures/test_2-1_contours.jpg  used on input line 466.
(pdftex.def)             Requested size: 319.0135pt x 179.43947pt.

Underfull \hbox (badness 10000) in paragraph at lines 462--469

 []




Package fancyhdr Warning: \headheight is too small (12.0pt): 
(fancyhdr)                Make it at least 14.49998pt, for example:
(fancyhdr)                \setlength{\headheight}{14.49998pt}.
(fancyhdr)                You might also make \topmargin smaller:
(fancyhdr)                \addtolength{\topmargin}{-2.49998pt}.

[80 <./Figures/known-volume.jpg>]
Underfull \hbox (badness 10000) in paragraph at lines 471--472

 []


Overfull \hbox (14.68936pt too wide) in paragraph at lines 499--500
\OT1/ppl/m/n/12 versely, Con-tour 2 demon-strated a closer cor-re-spon-dence with the known
 []




Package fancyhdr Warning: \headheight is too small (12.0pt): 
(fancyhdr)                Make it at least 14.49998pt, for example:
(fancyhdr)                \setlength{\headheight}{14.49998pt}.
(fancyhdr)                You might also make \topmargin smaller:
(fancyhdr)                \addtolength{\topmargin}{-2.49998pt}.

[81 <./Figures/test_2-1_contours.jpg>]
<Figures/test_2-2_contours.jpg, id=372, 963.6pt x 542.025pt>
File: Figures/test_2-2_contours.jpg Graphic file (type jpg)
<use Figures/test_2-2_contours.jpg>
Package pdftex.def Info: Figures/test_2-2_contours.jpg  used on input line 513.
(pdftex.def)             Requested size: 319.0135pt x 179.43947pt.

Underfull \hbox (badness 10000) in paragraph at lines 509--516

 []


Underfull \hbox (badness 10000) in paragraph at lines 518--519

 []




Package fancyhdr Warning: \headheight is too small (12.0pt): 
(fancyhdr)                Make it at least 14.49998pt, for example:
(fancyhdr)                \setlength{\headheight}{14.49998pt}.
(fancyhdr)                You might also make \topmargin smaller:
(fancyhdr)                \addtolength{\topmargin}{-2.49998pt}.

[82 <./Figures/test_2-2_contours.jpg>]
Overfull \hbox (11.99112pt too wide) in paragraph at lines 546--547
[]\OT1/ppl/m/n/12 Over five tri-als, Con-tour 1's mea-sured vol-umes range from 0.470279
 []


Underfull \hbox (badness 10000) in paragraph at lines 546--547

 []

<Figures/test_2-3_contours.jpg, id=376, 963.6pt x 542.025pt>
File: Figures/test_2-3_contours.jpg Graphic file (type jpg)
<use Figures/test_2-3_contours.jpg>
Package pdftex.def Info: Figures/test_2-3_contours.jpg  used on input line 558.
(pdftex.def)             Requested size: 319.0135pt x 179.43947pt.

Underfull \hbox (badness 10000) in paragraph at lines 554--561

 []




Package fancyhdr Warning: \headheight is too small (12.0pt): 
(fancyhdr)                Make it at least 14.49998pt, for example:
(fancyhdr)                \setlength{\headheight}{14.49998pt}.
(fancyhdr)                You might also make \topmargin smaller:
(fancyhdr)                \addtolength{\topmargin}{-2.49998pt}.

[83]
Underfull \hbox (badness 10000) in paragraph at lines 563--564

 []


Underfull \hbox (badness 10000) in paragraph at lines 591--592

 []




Package fancyhdr Warning: \headheight is too small (12.0pt): 
(fancyhdr)                Make it at least 14.49998pt, for example:
(fancyhdr)                \setlength{\headheight}{14.49998pt}.
(fancyhdr)                You might also make \topmargin smaller:
(fancyhdr)                \addtolength{\topmargin}{-2.49998pt}.

[84 <./Figures/test_2-3_contours.jpg>]


Package fancyhdr Warning: \headheight is too small (12.0pt): 
(fancyhdr)                Make it at least 14.49998pt, for example:
(fancyhdr)                \setlength{\headheight}{14.49998pt}.
(fancyhdr)                You might also make \topmargin smaller:
(fancyhdr)                \addtolength{\topmargin}{-2.49998pt}.

[85]
Overfull \hbox (5.12872pt too wide) in paragraph at lines 639--639
 []\OT1/ppl/b/n/12 Volume Mea-sure-ment Us-ing the Sys-tem and Sound-ing Method
 []


Underfull \hbox (badness 10000) in paragraph at lines 640--641
 
 []


Underfull \hbox (badness 10000) in paragraph at lines 661--662
 
 []


Underfull \hbox (badness 10000) in paragraph at lines 664--665
 
 []




Package fancyhdr Warning: \headheight is too small (12.0pt): 
(fancyhdr)                Make it at least 14.49998pt, for example:
(fancyhdr)                \setlength{\headheight}{14.49998pt}.
(fancyhdr)                You might also make \topmargin smaller:
(fancyhdr)                \addtolength{\topmargin}{-2.49998pt}.

[86]
<Figures/system-and-sounding-method.png, id=390, 238.9728pt x 223.7961pt>
File: Figures/system-and-sounding-method.png Graphic file (type png)
<use Figures/system-and-sounding-method.png>
Package pdftex.def Info: Figures/system-and-sounding-method.png  used on input line 668.
(pdftex.def)             Requested size: 279.13454pt x 261.41008pt.



Package fancyhdr Warning: \headheight is too small (12.0pt): 
(fancyhdr)                Make it at least 14.49998pt, for example:
(fancyhdr)                \setlength{\headheight}{14.49998pt}.
(fancyhdr)                You might also make \topmargin smaller:
(fancyhdr)                \addtolength{\topmargin}{-2.49998pt}.

[87 <./Figures/system-and-sounding-method.png (PNG copy)>]
Overfull \hbox (1.67026pt too wide) in paragraph at lines 677--678
 \OT1/ppl/m/n/12 ner Sys-tem pro-vides vol-ume mea-sure-ments that are con-sis-tent with those
 []


Underfull \hbox (badness 10000) in paragraph at lines 677--678
 
 []




Package fancyhdr Warning: \headheight is too small (12.0pt): 
(fancyhdr)                Make it at least 14.49998pt, for example:
(fancyhdr)                \setlength{\headheight}{14.49998pt}.
(fancyhdr)                You might also make \topmargin smaller:
(fancyhdr)                \addtolength{\topmargin}{-2.49998pt}.

[88]


Package fancyhdr Warning: \headheight is too small (12.0pt): 
(fancyhdr)                Make it at least 14.49998pt, for example:
(fancyhdr)                \setlength{\headheight}{14.49998pt}.
(fancyhdr)                You might also make \topmargin smaller:
(fancyhdr)                \addtolength{\topmargin}{-2.49998pt}.

[89]


Package fancyhdr Warning: \headheight is too small (12.0pt): 
(fancyhdr)                Make it at least 14.49998pt, for example:
(fancyhdr)                \setlength{\headheight}{14.49998pt}.
(fancyhdr)                You might also make \topmargin smaller:
(fancyhdr)                \addtolength{\topmargin}{-2.49998pt}.

[90]) (Chapters/chapter_5.tex


Package fancyhdr Warning: \headheight is too small (12.0pt): 
(fancyhdr)                Make it at least 14.49998pt, for example:
(fancyhdr)                \setlength{\headheight}{14.49998pt}.
(fancyhdr)                You might also make \topmargin smaller:
(fancyhdr)                \addtolength{\topmargin}{-2.49998pt}.

[91]
Chapter V.
)
Overfull \hbox (0.90262pt too wide) in paragraph at lines 17--150
[]\OT1/ppl/m/n/12 In fu-ture stud-ies, it may be con-sider us-ing a Li-DAR sys-tems with multi-
 []



[92

] (Manuscript.bbl


Package fancyhdr Warning: \headheight is too small (12.0pt): 
(fancyhdr)                Make it at least 14.49998pt, for example:
(fancyhdr)                \setlength{\headheight}{14.49998pt}.
(fancyhdr)                You might also make \topmargin smaller:
(fancyhdr)                \addtolength{\topmargin}{-2.49998pt}.

[93]


Package fancyhdr Warning: \headheight is too small (12.0pt): 
(fancyhdr)                Make it at least 14.49998pt, for example:
(fancyhdr)                \setlength{\headheight}{14.49998pt}.
(fancyhdr)                You might also make \topmargin smaller:
(fancyhdr)                \addtolength{\topmargin}{-2.49998pt}.

[94

]


Package fancyhdr Warning: \headheight is too small (12.0pt): 
(fancyhdr)                Make it at least 14.49998pt, for example:
(fancyhdr)                \setlength{\headheight}{14.49998pt}.
(fancyhdr)                You might also make \topmargin smaller:
(fancyhdr)                \addtolength{\topmargin}{-2.49998pt}.

[95]


Package fancyhdr Warning: \headheight is too small (12.0pt): 
(fancyhdr)                Make it at least 14.49998pt, for example:
(fancyhdr)                \setlength{\headheight}{14.49998pt}.
(fancyhdr)                You might also make \topmargin smaller:
(fancyhdr)                \addtolength{\topmargin}{-2.49998pt}.

[96]


Package fancyhdr Warning: \headheight is too small (12.0pt): 
(fancyhdr)                Make it at least 14.49998pt, for example:
(fancyhdr)                \setlength{\headheight}{14.49998pt}.
(fancyhdr)                You might also make \topmargin smaller:
(fancyhdr)                \addtolength{\topmargin}{-2.49998pt}.

[97]


Package fancyhdr Warning: \headheight is too small (12.0pt): 
(fancyhdr)                Make it at least 14.49998pt, for example:
(fancyhdr)                \setlength{\headheight}{14.49998pt}.
(fancyhdr)                You might also make \topmargin smaller:
(fancyhdr)                \addtolength{\topmargin}{-2.49998pt}.

[98]


Package fancyhdr Warning: \headheight is too small (12.0pt): 
(fancyhdr)                Make it at least 14.49998pt, for example:
(fancyhdr)                \setlength{\headheight}{14.49998pt}.
(fancyhdr)                You might also make \topmargin smaller:
(fancyhdr)                \addtolength{\topmargin}{-2.49998pt}.

[99]) (Chapters/appendices_a.tex


Package fancyhdr Warning: \headheight is too small (12.0pt): 
(fancyhdr)                Make it at least 14.49998pt, for example:
(fancyhdr)                \setlength{\headheight}{14.49998pt}.
(fancyhdr)                You might also make \topmargin smaller:
(fancyhdr)                \addtolength{\topmargin}{-2.49998pt}.

[100]
Appendix A.
<Figures/Appendecis/x4-model-1.png, id=436, 508.14844pt x 425.33907pt>
File: Figures/Appendecis/x4-model-1.png Graphic file (type png)
<use Figures/Appendecis/x4-model-1.png>
Package pdftex.def Info: Figures/Appendecis/x4-model-1.png  used on input line 8.
(pdftex.def)             Requested size: 398.76537pt x 333.79454pt.



Package fancyhdr Warning: \headheight is too small (12.0pt): 
(fancyhdr)                Make it at least 14.49998pt, for example:
(fancyhdr)                \setlength{\headheight}{14.49998pt}.
(fancyhdr)                You might also make \topmargin smaller:
(fancyhdr)                \addtolength{\topmargin}{-2.49998pt}.

[101

 <./Figures/Appendecis/x4-model-1.png>]
<Figures/Appendecis/x4-model-2.png, id=440, 502.87875pt x 293.59688pt>
File: Figures/Appendecis/x4-model-2.png Graphic file (type png)
<use Figures/Appendecis/x4-model-2.png>
Package pdftex.def Info: Figures/Appendecis/x4-model-2.png  used on input line 19.
(pdftex.def)             Requested size: 398.76537pt x 232.81256pt.
<Figures/Appendecis/x4-model-3.png, id=441, 509.65407pt x 426.84468pt>
File: Figures/Appendecis/x4-model-3.png Graphic file (type png)
<use Figures/Appendecis/x4-model-3.png>
Package pdftex.def Info: Figures/Appendecis/x4-model-3.png  used on input line 24.
(pdftex.def)             Requested size: 398.76537pt x 333.98613pt.



Package fancyhdr Warning: \headheight is too small (12.0pt): 
(fancyhdr)                Make it at least 14.49998pt, for example:
(fancyhdr)                \setlength{\headheight}{14.49998pt}.
(fancyhdr)                You might also make \topmargin smaller:
(fancyhdr)                \addtolength{\topmargin}{-2.49998pt}.

[102 <./Figures/Appendecis/x4-model-2.png> <./Figures/Appendecis/x4-model-3.png>]
<Figures/Appendecis/x4-model-4.png, id=445, 504.38437pt x 547.2947pt>
File: Figures/Appendecis/x4-model-4.png Graphic file (type png)
<use Figures/Appendecis/x4-model-4.png>
Package pdftex.def Info: Figures/Appendecis/x4-model-4.png  used on input line 35.
(pdftex.def)             Requested size: 398.76537pt x 432.69211pt.



Package fancyhdr Warning: \headheight is too small (12.0pt): 
(fancyhdr)                Make it at least 14.49998pt, for example:
(fancyhdr)                \setlength{\headheight}{14.49998pt}.
(fancyhdr)                You might also make \topmargin smaller:
(fancyhdr)                \addtolength{\topmargin}{-2.49998pt}.

[103 <./Figures/Appendecis/x4-model-4.png>]
<Figures/Appendecis/ax-12a-1.png, id=450, 493.0922pt x 184.43906pt>
File: Figures/Appendecis/ax-12a-1.png Graphic file (type png)
<use Figures/Appendecis/ax-12a-1.png>
Package pdftex.def Info: Figures/Appendecis/ax-12a-1.png  used on input line 48.
(pdftex.def)             Requested size: 398.76537pt x 149.16403pt.
<Figures/Appendecis/ax-12a-2.png, id=451, 817.55438pt x 581.17125pt>
File: Figures/Appendecis/ax-12a-2.png Graphic file (type png)
<use Figures/Appendecis/ax-12a-2.png>
Package pdftex.def Info: Figures/Appendecis/ax-12a-2.png  used on input line 53.
(pdftex.def)             Requested size: 398.76537pt x 283.47281pt.



Package fancyhdr Warning: \headheight is too small (12.0pt): 
(fancyhdr)                Make it at least 14.49998pt, for example:
(fancyhdr)                \setlength{\headheight}{14.49998pt}.
(fancyhdr)                You might also make \topmargin smaller:
(fancyhdr)                \addtolength{\topmargin}{-2.49998pt}.

[104 <./Figures/Appendecis/ax-12a-1.png> <./Figures/Appendecis/ax-12a-2.png>]
<Figures/raspi.png, id=455, 696.201pt x 436.029pt>
File: Figures/raspi.png Graphic file (type png)
<use Figures/raspi.png>
Package pdftex.def Info: Figures/raspi.png  used on input line 66.
(pdftex.def)             Requested size: 159.50371pt x 99.89201pt.
<Figures/Appendecis/raspi-specs.png, id=456, 493.0922pt x 508.14844pt>
File: Figures/Appendecis/raspi-specs.png Graphic file (type png)
<use Figures/Appendecis/raspi-specs.png>
Package pdftex.def Info: Figures/Appendecis/raspi-specs.png  used on input line 71.
(pdftex.def)             Requested size: 398.76537pt x 410.96217pt.



Package fancyhdr Warning: \headheight is too small (12.0pt): 
(fancyhdr)                Make it at least 14.49998pt, for example:
(fancyhdr)                \setlength{\headheight}{14.49998pt}.
(fancyhdr)                You might also make \topmargin smaller:
(fancyhdr)                \addtolength{\topmargin}{-2.49998pt}.

[105 <./Figures/raspi.png> <./Figures/Appendecis/raspi-specs.png>]
<Figures/dc2dc_step_down.png, id=461, 738.3585pt x 869.04675pt>
File: Figures/dc2dc_step_down.png Graphic file (type png)
<use Figures/dc2dc_step_down.png>
Package pdftex.def Info: Figures/dc2dc_step_down.png  used on input line 83.
(pdftex.def)             Requested size: 398.76537pt x 469.34456pt.



Package fancyhdr Warning: \headheight is too small (12.0pt): 
(fancyhdr)                Make it at least 14.49998pt, for example:
(fancyhdr)                \setlength{\headheight}{14.49998pt}.
(fancyhdr)                You might also make \topmargin smaller:
(fancyhdr)                \addtolength{\topmargin}{-2.49998pt}.

[106 <./Figures/dc2dc_step_down.png>]
<Figures/battery.png, id=466, 407.121pt x 595.62524pt>
File: Figures/battery.png Graphic file (type png)
<use Figures/battery.png>
Package pdftex.def Info: Figures/battery.png  used on input line 95.
(pdftex.def)             Requested size: 358.88638pt x 525.08794pt.
)


Package fancyhdr Warning: \headheight is too small (12.0pt): 
(fancyhdr)                Make it at least 14.49998pt, for example:
(fancyhdr)                \setlength{\headheight}{14.49998pt}.
(fancyhdr)                You might also make \topmargin smaller:
(fancyhdr)                \addtolength{\topmargin}{-2.49998pt}.

[107 <./Figures/battery.png>] (Chapters/appendices_b.tex
Appendix B.
<Figures/Appendecis/testing/Slide1.jpg, id=471, 963.6pt x 542.025pt>
File: Figures/Appendecis/testing/Slide1.jpg Graphic file (type jpg)
<use Figures/Appendecis/testing/Slide1.jpg>
Package pdftex.def Info: Figures/Appendecis/testing/Slide1.jpg  used on input line 8.
(pdftex.def)             Requested size: 358.88638pt x 201.8694pt.
<Figures/Appendecis/testing/Slide2.jpg, id=472, 963.6pt x 542.025pt>
File: Figures/Appendecis/testing/Slide2.jpg Graphic file (type jpg)
<use Figures/Appendecis/testing/Slide2.jpg>
Package pdftex.def Info: Figures/Appendecis/testing/Slide2.jpg  used on input line 14.
(pdftex.def)             Requested size: 319.0135pt x 179.43947pt.



Package fancyhdr Warning: \headheight is too small (12.0pt): 
(fancyhdr)                Make it at least 14.49998pt, for example:
(fancyhdr)                \setlength{\headheight}{14.49998pt}.
(fancyhdr)                You might also make \topmargin smaller:
(fancyhdr)                \addtolength{\topmargin}{-2.49998pt}.

[108

 <./Figures/Appendecis/testing/Slide1.jpg> <./Figures/Appendecis/testing/Slide2.jpg>]
<Figures/Appendecis/testing/Slide3.jpg, id=476, 963.6pt x 542.025pt>
File: Figures/Appendecis/testing/Slide3.jpg Graphic file (type jpg)
<use Figures/Appendecis/testing/Slide3.jpg>
Package pdftex.def Info: Figures/Appendecis/testing/Slide3.jpg  used on input line 26.
(pdftex.def)             Requested size: 398.76537pt x 224.29933pt.
<Figures/Appendecis/testing/Slide4.jpg, id=477, 963.6pt x 542.025pt>
File: Figures/Appendecis/testing/Slide4.jpg Graphic file (type jpg)
<use Figures/Appendecis/testing/Slide4.jpg>
Package pdftex.def Info: Figures/Appendecis/testing/Slide4.jpg  used on input line 31.
(pdftex.def)             Requested size: 398.76537pt x 224.29933pt.



Package fancyhdr Warning: \headheight is too small (12.0pt): 
(fancyhdr)                Make it at least 14.49998pt, for example:
(fancyhdr)                \setlength{\headheight}{14.49998pt}.
(fancyhdr)                You might also make \topmargin smaller:
(fancyhdr)                \addtolength{\topmargin}{-2.49998pt}.

[109 <./Figures/Appendecis/testing/Slide3.jpg> <./Figures/Appendecis/testing/Slide4.jpg>]
<Figures/Appendecis/testing/Slide5.jpg, id=482, 963.6pt x 542.025pt>
File: Figures/Appendecis/testing/Slide5.jpg Graphic file (type jpg)
<use Figures/Appendecis/testing/Slide5.jpg>
Package pdftex.def Info: Figures/Appendecis/testing/Slide5.jpg  used on input line 45.
(pdftex.def)             Requested size: 398.76537pt x 224.29933pt.
<Figures/Appendecis/testing/Slide6.jpg, id=483, 963.6pt x 542.025pt>
File: Figures/Appendecis/testing/Slide6.jpg Graphic file (type jpg)
<use Figures/Appendecis/testing/Slide6.jpg>
Package pdftex.def Info: Figures/Appendecis/testing/Slide6.jpg  used on input line 50.
(pdftex.def)             Requested size: 398.76537pt x 224.29933pt.



Package fancyhdr Warning: \headheight is too small (12.0pt): 
(fancyhdr)                Make it at least 14.49998pt, for example:
(fancyhdr)                \setlength{\headheight}{14.49998pt}.
(fancyhdr)                You might also make \topmargin smaller:
(fancyhdr)                \addtolength{\topmargin}{-2.49998pt}.

[110 <./Figures/Appendecis/testing/Slide5.jpg> <./Figures/Appendecis/testing/Slide6.jpg>]
<Figures/Appendecis/testing/Slide7.jpg, id=487, 963.6pt x 542.025pt>
File: Figures/Appendecis/testing/Slide7.jpg Graphic file (type jpg)
<use Figures/Appendecis/testing/Slide7.jpg>
Package pdftex.def Info: Figures/Appendecis/testing/Slide7.jpg  used on input line 61.
(pdftex.def)             Requested size: 398.76537pt x 224.29933pt.
<Figures/Appendecis/testing/Slide8.jpg, id=488, 963.6pt x 542.025pt>
File: Figures/Appendecis/testing/Slide8.jpg Graphic file (type jpg)
<use Figures/Appendecis/testing/Slide8.jpg>
Package pdftex.def Info: Figures/Appendecis/testing/Slide8.jpg  used on input line 66.
(pdftex.def)             Requested size: 398.76537pt x 224.29933pt.



Package fancyhdr Warning: \headheight is too small (12.0pt): 
(fancyhdr)                Make it at least 14.49998pt, for example:
(fancyhdr)                \setlength{\headheight}{14.49998pt}.
(fancyhdr)                You might also make \topmargin smaller:
(fancyhdr)                \addtolength{\topmargin}{-2.49998pt}.

[111 <./Figures/Appendecis/testing/Slide7.jpg> <./Figures/Appendecis/testing/Slide8.jpg>]
<Figures/Appendecis/testing/Slide9.jpg, id=492, 963.6pt x 542.025pt>
File: Figures/Appendecis/testing/Slide9.jpg Graphic file (type jpg)
<use Figures/Appendecis/testing/Slide9.jpg>
Package pdftex.def Info: Figures/Appendecis/testing/Slide9.jpg  used on input line 77.
(pdftex.def)             Requested size: 398.76537pt x 224.29933pt.
<Figures/Appendecis/testing/Slide10.jpg, id=493, 963.6pt x 542.025pt>
File: Figures/Appendecis/testing/Slide10.jpg Graphic file (type jpg)
<use Figures/Appendecis/testing/Slide10.jpg>
Package pdftex.def Info: Figures/Appendecis/testing/Slide10.jpg  used on input line 82.
(pdftex.def)             Requested size: 398.76537pt x 224.29933pt.



Package fancyhdr Warning: \headheight is too small (12.0pt): 
(fancyhdr)                Make it at least 14.49998pt, for example:
(fancyhdr)                \setlength{\headheight}{14.49998pt}.
(fancyhdr)                You might also make \topmargin smaller:
(fancyhdr)                \addtolength{\topmargin}{-2.49998pt}.

[112 <./Figures/Appendecis/testing/Slide9.jpg> <./Figures/Appendecis/testing/Slide10.jpg>]
<Figures/Appendecis/testing/Slide12.jpg, id=497, 963.6pt x 542.025pt>
File: Figures/Appendecis/testing/Slide12.jpg Graphic file (type jpg)
<use Figures/Appendecis/testing/Slide12.jpg>
Package pdftex.def Info: Figures/Appendecis/testing/Slide12.jpg  used on input line 94.
(pdftex.def)             Requested size: 398.76537pt x 224.29933pt.
<Figures/Appendecis/testing/Slide11.jpg, id=498, 963.6pt x 542.025pt>
File: Figures/Appendecis/testing/Slide11.jpg Graphic file (type jpg)
<use Figures/Appendecis/testing/Slide11.jpg>
Package pdftex.def Info: Figures/Appendecis/testing/Slide11.jpg  used on input line 100.
(pdftex.def)             Requested size: 398.76537pt x 224.29933pt.



Package fancyhdr Warning: \headheight is too small (12.0pt): 
(fancyhdr)                Make it at least 14.49998pt, for example:
(fancyhdr)                \setlength{\headheight}{14.49998pt}.
(fancyhdr)                You might also make \topmargin smaller:
(fancyhdr)                \addtolength{\topmargin}{-2.49998pt}.

[113 <./Figures/Appendecis/testing/Slide12.jpg> <./Figures/Appendecis/testing/Slide11.jpg>]
<Figures/test3-1.jpg, id=502, 963.6pt x 542.025pt>
File: Figures/test3-1.jpg Graphic file (type jpg)
<use Figures/test3-1.jpg>
Package pdftex.def Info: Figures/test3-1.jpg  used on input line 114.
(pdftex.def)             Requested size: 398.76537pt x 224.29933pt.
<Figures/test3-1-actual.jpg, id=503, 963.6pt x 542.025pt>
File: Figures/test3-1-actual.jpg Graphic file (type jpg)
<use Figures/test3-1-actual.jpg>
Package pdftex.def Info: Figures/test3-1-actual.jpg  used on input line 122.
(pdftex.def)             Requested size: 398.76537pt x 224.29933pt.



Package fancyhdr Warning: \headheight is too small (12.0pt): 
(fancyhdr)                Make it at least 14.49998pt, for example:
(fancyhdr)                \setlength{\headheight}{14.49998pt}.
(fancyhdr)                You might also make \topmargin smaller:
(fancyhdr)                \addtolength{\topmargin}{-2.49998pt}.

[114 <./Figures/test3-1.jpg>]


Package fancyhdr Warning: \headheight is too small (12.0pt): 
(fancyhdr)                Make it at least 14.49998pt, for example:
(fancyhdr)                \setlength{\headheight}{14.49998pt}.
(fancyhdr)                You might also make \topmargin smaller:
(fancyhdr)                \addtolength{\topmargin}{-2.49998pt}.

[115 <./Figures/test3-1-actual.jpg>]
<Figures/test3-2.jpg, id=511, 963.6pt x 542.025pt>
File: Figures/test3-2.jpg Graphic file (type jpg)
<use Figures/test3-2.jpg>
Package pdftex.def Info: Figures/test3-2.jpg  used on input line 136.
(pdftex.def)             Requested size: 398.76537pt x 224.29933pt.
<Figures/test3-2-actual.jpg, id=512, 963.6pt x 542.025pt>
File: Figures/test3-2-actual.jpg Graphic file (type jpg)
<use Figures/test3-2-actual.jpg>
Package pdftex.def Info: Figures/test3-2-actual.jpg  used on input line 144.
(pdftex.def)             Requested size: 398.76537pt x 224.29933pt.



Package fancyhdr Warning: \headheight is too small (12.0pt): 
(fancyhdr)                Make it at least 14.49998pt, for example:
(fancyhdr)                \setlength{\headheight}{14.49998pt}.
(fancyhdr)                You might also make \topmargin smaller:
(fancyhdr)                \addtolength{\topmargin}{-2.49998pt}.

[116 <./Figures/test3-2.jpg> <./Figures/test3-2-actual.jpg>]
<Figures/test3-3.jpg, id=516, 963.6pt x 542.025pt>
File: Figures/test3-3.jpg Graphic file (type jpg)
<use Figures/test3-3.jpg>
Package pdftex.def Info: Figures/test3-3.jpg  used on input line 158.
(pdftex.def)             Requested size: 398.76537pt x 224.29933pt.
<Figures/test3-3-actual.jpg, id=517, 963.6pt x 542.025pt>
File: Figures/test3-3-actual.jpg Graphic file (type jpg)
<use Figures/test3-3-actual.jpg>
Package pdftex.def Info: Figures/test3-3-actual.jpg  used on input line 166.
(pdftex.def)             Requested size: 398.76537pt x 224.29933pt.



Package fancyhdr Warning: \headheight is too small (12.0pt): 
(fancyhdr)                Make it at least 14.49998pt, for example:
(fancyhdr)                \setlength{\headheight}{14.49998pt}.
(fancyhdr)                You might also make \topmargin smaller:
(fancyhdr)                \addtolength{\topmargin}{-2.49998pt}.

[117 <./Figures/test3-3.jpg> <./Figures/test3-3-actual.jpg>]
<Figures/test3-4.jpg, id=521, 963.6pt x 542.025pt>
File: Figures/test3-4.jpg Graphic file (type jpg)
<use Figures/test3-4.jpg>
Package pdftex.def Info: Figures/test3-4.jpg  used on input line 180.
(pdftex.def)             Requested size: 398.76537pt x 224.29933pt.
<Figures/test3-4-actual.jpg, id=522, 963.6pt x 542.025pt>
File: Figures/test3-4-actual.jpg Graphic file (type jpg)
<use Figures/test3-4-actual.jpg>
Package pdftex.def Info: Figures/test3-4-actual.jpg  used on input line 188.
(pdftex.def)             Requested size: 398.76537pt x 224.29933pt.



Package fancyhdr Warning: \headheight is too small (12.0pt): 
(fancyhdr)                Make it at least 14.49998pt, for example:
(fancyhdr)                \setlength{\headheight}{14.49998pt}.
(fancyhdr)                You might also make \topmargin smaller:
(fancyhdr)                \addtolength{\topmargin}{-2.49998pt}.

[118 <./Figures/test3-4.jpg> <./Figures/test3-4-actual.jpg>]
<Figures/test3-5.jpg, id=526, 963.6pt x 542.025pt>
File: Figures/test3-5.jpg Graphic file (type jpg)
<use Figures/test3-5.jpg>
Package pdftex.def Info: Figures/test3-5.jpg  used on input line 202.
(pdftex.def)             Requested size: 398.76537pt x 224.29933pt.
<Figures/test3-5-actual.jpg, id=527, 963.6pt x 542.025pt>
File: Figures/test3-5-actual.jpg Graphic file (type jpg)
<use Figures/test3-5-actual.jpg>
Package pdftex.def Info: Figures/test3-5-actual.jpg  used on input line 210.
(pdftex.def)             Requested size: 398.76537pt x 224.29933pt.



Package fancyhdr Warning: \headheight is too small (12.0pt): 
(fancyhdr)                Make it at least 14.49998pt, for example:
(fancyhdr)                \setlength{\headheight}{14.49998pt}.
(fancyhdr)                You might also make \topmargin smaller:
(fancyhdr)                \addtolength{\topmargin}{-2.49998pt}.

[119 <./Figures/test3-5.jpg> <./Figures/test3-5-actual.jpg>]
<Figures/test3-traditional.jpg, id=531, 963.6pt x 542.025pt>
File: Figures/test3-traditional.jpg Graphic file (type jpg)
<use Figures/test3-traditional.jpg>
Package pdftex.def Info: Figures/test3-traditional.jpg  used on input line 224.
(pdftex.def)             Requested size: 398.76537pt x 224.29933pt.
) (Chapters/appendices_d.tex


Package fancyhdr Warning: \headheight is too small (12.0pt): 
(fancyhdr)                Make it at least 14.49998pt, for example:
(fancyhdr)                \setlength{\headheight}{14.49998pt}.
(fancyhdr)                You might also make \topmargin smaller:
(fancyhdr)                \addtolength{\topmargin}{-2.49998pt}.

[120 <./Figures/test3-traditional.jpg>]
Appendix C.
<Figures/certificate.jpg, id=535, 614.295pt x 794.97pt>
File: Figures/certificate.jpg Graphic file (type jpg)
<use Figures/certificate.jpg>
Package pdftex.def Info: Figures/certificate.jpg  used on input line 31.
(pdftex.def)             Requested size: 358.88638pt x 464.44301pt.
)


Package fancyhdr Warning: \headheight is too small (12.0pt): 
(fancyhdr)                Make it at least 14.49998pt, for example:
(fancyhdr)                \setlength{\headheight}{14.49998pt}.
(fancyhdr)                You might also make \topmargin smaller:
(fancyhdr)                \addtolength{\topmargin}{-2.49998pt}.

[121

 <./Figures/certificate.jpg>] (Chapters/cv.tex
<Figures/cv1.jpg, id=540, 402.5439pt x 622.0038pt>
File: Figures/cv1.jpg Graphic file (type jpg)
<use Figures/cv1.jpg>
Package pdftex.def Info: Figures/cv1.jpg  used on input line 3.
(pdftex.def)             Requested size: 398.76537pt x 616.1748pt.
<Figures/cv2.jpg, id=541, 398.2077pt x 194.6472pt>
File: Figures/cv2.jpg Graphic file (type jpg)
<use Figures/cv2.jpg>
Package pdftex.def Info: Figures/cv2.jpg  used on input line 8.
(pdftex.def)             Requested size: 398.76537pt x 194.92886pt.
)


Package fancyhdr Warning: \headheight is too small (12.0pt): 
(fancyhdr)                Make it at least 14.49998pt, for example:
(fancyhdr)                \setlength{\headheight}{14.49998pt}.
(fancyhdr)                You might also make \topmargin smaller:
(fancyhdr)                \addtolength{\topmargin}{-2.49998pt}.

[122 <./Figures/cv1.jpg>]


Package fancyhdr Warning: \headheight is too small (12.0pt): 
(fancyhdr)                Make it at least 14.49998pt, for example:
(fancyhdr)                \setlength{\headheight}{14.49998pt}.
(fancyhdr)                You might also make \topmargin smaller:
(fancyhdr)                \addtolength{\topmargin}{-2.49998pt}.

[123 <./Figures/cv2.jpg>] (Chapters/cert_auth.tex)


Package fancyhdr Warning: \headheight is too small (12.0pt): 
(fancyhdr)                Make it at least 14.49998pt, for example:
(fancyhdr)                \setlength{\headheight}{14.49998pt}.
(fancyhdr)                You might also make \topmargin smaller:
(fancyhdr)                \addtolength{\topmargin}{-2.49998pt}.

[124]
runsystem(latexminted cleantemp  --timestamp 20250121145215 9B2478B417960FDA209E14947B7C3D37)...executed.

 (Manuscript.aux)
 ***********
LaTeX2e <2024-11-01> patch level 1
L3 programming layer <2024-12-25>
 ***********


LaTeX Font Warning: Some font shapes were not available, defaults substituted.


LaTeX Warning: There were multiply-defined labels.

 ) 
Here is how much of TeX's memory you used:
 30366 strings out of 473536
 704086 string characters out of 5714956
 1100828 words of memory out of 5000000
 53017 multiletter control sequences out of 15000+600000
 604280 words of font info for 143 fonts, out of 8000000 for 9000
 1141 hyphenation exceptions out of 8191
 89i,20n,97p,2163b,811s stack positions out of 10000i,1000n,20000p,200000b,200000s
<C:/Users/jaafa/AppData/Local/Programs/MiKTeX/fonts/type1/public/amsfonts/cm/cmex10.pfb><C:/Users/jaafa/AppData/Local/Programs/MiKTeX/fonts/type1/public/amsfonts/cm/cmmi10.pfb><C:/Users/jaafa/AppData/Local/Programs/MiKTeX/fonts/type1/public/amsfonts/cm/cmr10.pfb><C:/Users/jaafa/AppData/Local/Programs/MiKTeX/fonts/type1/public/amsfonts/cm/cmsy10.pfb><C:/Users/jaafa/AppData/Local/Programs/MiKTeX/fonts/type1/urw/courier/ucrr8a.pfb><C:/Users/jaafa/AppData/Local/Programs/MiKTeX/fonts/type1/urw/palatino/uplb8a.pfb><C:/Users/jaafa/AppData/Local/Programs/MiKTeX/fonts/type1/urw/palatino/uplbi8a.pfb><C:/Users/jaafa/AppData/Local/Programs/MiKTeX/fonts/type1/urw/palatino/uplr8a.pfb><C:/Users/jaafa/AppData/Local/Programs/MiKTeX/fonts/type1/urw/palatino/uplri8a.pfb><C:/Users/jaafa/AppData/Local/Programs/MiKTeX/fonts/type1/urw/symbol/usyr.pfb><C:/Users/jaafa/AppData/Local/Programs/MiKTeX/fonts/type1/urw/symbol/usyr.pfb><C:/Users/jaafa/AppData/Local/Programs/MiKTeX/fonts/type1/urw/times/utmr8a.pfb><C:/Users/jaafa/AppData/Local/Programs/MiKTeX/fonts/type1/urw/times/utmri8a.pfb><C:/Users/jaafa/AppData/Local/Programs/MiKTeX/fonts/type1/urw/zapfchan/uzcmi8a.pfb>
Output written on Manuscript.pdf (142 pages, 13863673 bytes).
PDF statistics:
 614 PDF objects out of 1000 (max. 8388607)
 0 named destinations out of 1000 (max. 500000)
 388 words of extra memory for PDF output out of 10000 (max. 10000000)

